dist,estimator,col,nrmse
norm,mice_br,X,6.105541629681899
norm,mice_br,XZ,0.6709716052354394
norm,mice_br,X,6.103494215045253
norm,mice_br,XZ,0.6832356842832774
norm,mice_br,X,7.034598470991814
norm,mice_br,XZ,0.7435299458221473
norm,mice_br,X,5.932394369276212
norm,mice_br,XZ,0.7016425101459546
norm,mice_br,X,5.94617610566357
norm,mice_br,XZ,0.6975814202902919
norm,mice_br,X,5.934801891663888
norm,mice_br,XZ,0.6623633631936927
norm,mice_br,X,5.87913722915652
norm,mice_br,XZ,0.6322680935991192
norm,mice_br,X,7.020025625981545
norm,mice_br,XZ,0.7365282992673534
norm,mice_br,X,6.278041087501732
norm,mice_br,XZ,0.6623083411222761
norm,mice_br,X,6.269521527596008
norm,mice_br,XZ,0.6764596073549385
norm,mice_br,X,5.902206758855658
norm,mice_br,XZ,0.6947574104296452
norm,mice_br,X,5.734227548436708
norm,mice_br,XZ,0.6608958336018892
norm,mice_br,X,6.095939704961805
norm,mice_br,XZ,0.6485398335080045
norm,mice_br,X,6.213580570938514
norm,mice_br,XZ,0.642894542552052
norm,mice_br,X,6.551590171099092
norm,mice_br,XZ,0.6951734990760633
norm,mice_br,X,7.623037313839946
norm,mice_br,XZ,0.7661329437322095
norm,mice_br,X,5.8618710224169535
norm,mice_br,XZ,0.6390768517304443
norm,mice_br,X,5.648606031253236
norm,mice_br,XZ,0.6629811339323572
norm,mice_br,X,7.027030003902063
norm,mice_br,XZ,0.6795469949711062
norm,mice_br,X,5.669164966631294
norm,mice_br,XZ,0.6172109219986639
norm,mice_br,X,6.175063248400206
norm,mice_br,XZ,0.665828603840275
norm,mice_br,X,5.981898144387266
norm,mice_br,XZ,0.679762778907119
norm,mice_br,X,5.730195623765134
norm,mice_br,XZ,0.6466404642379803
norm,mice_br,X,6.7724303691041285
norm,mice_br,XZ,0.7063369623156824
norm,mice_br,X,6.0737792041330065
norm,mice_br,XZ,0.6835856319482019
norm,mice_br,X,6.6183344100577965
norm,mice_br,XZ,0.7314222500012764
norm,mice_br,X,5.816680562360581
norm,mice_br,XZ,0.6167859581460858
norm,mice_br,X,5.965342970802065
norm,mice_br,XZ,0.663204605286599
norm,mice_br,X,5.486497438674915
norm,mice_br,XZ,0.624197277476178
norm,mice_br,X,6.356395501937887
norm,mice_br,XZ,0.6805367011827014
norm,mice_br,X,5.8511778315311505
norm,mice_br,XZ,0.6180854290959823
norm,mice_br,X,5.780084736448296
norm,mice_br,XZ,0.6908798312136957
norm,mice_br,X,7.191236758458017
norm,mice_br,XZ,0.7296307104917527
norm,mice_br,X,6.11641683506079
norm,mice_br,XZ,0.7121192156966096
norm,mice_br,X,5.495519134001088
norm,mice_br,XZ,0.5976979985821803
norm,mice_br,X,6.198434386416518
norm,mice_br,XZ,0.670302952843907
norm,mice_br,X,6.6949894827934155
norm,mice_br,XZ,0.7100536494954626
norm,mice_br,X,5.710861166146302
norm,mice_br,XZ,0.6045371838452959
norm,mice_br,X,7.250963044959924
norm,mice_br,XZ,0.7697009454778637
norm,mice_br,X,5.953369304710378
norm,mice_br,XZ,0.6474854587071189
norm,mice_br,X,6.974241771773448
norm,mice_br,XZ,0.7129320242252009
norm,mice_br,X,6.592043987935163
norm,mice_br,XZ,0.6975958450586248
norm,mice_br,X,6.253903219835164
norm,mice_br,XZ,0.654725833798118
norm,mice_br,X,6.381610613426888
norm,mice_br,XZ,0.7296050847414997
norm,mice_br,X,5.1625650616573155
norm,mice_br,XZ,0.577332088994304
norm,mice_br,X,6.230913411140435
norm,mice_br,XZ,0.7046106196819284
norm,mice_br,X,6.349430381151863
norm,mice_br,XZ,0.6840180301483706
norm,mice_br,X,6.434399761170904
norm,mice_br,XZ,0.723580950711193
norm,mice_br,X,5.870492873508858
norm,mice_br,XZ,0.6673038852103271
norm,mice_br,X,5.932634345740167
norm,mice_br,XZ,0.6537361711232976
norm,mice_br,X,6.291365201686242
norm,mice_br,XZ,0.7070165640084799
norm,mice_br,X,5.541477137730561
norm,mice_br,XZ,0.6854242540112173
norm,mice_br,X,6.983422881319207
norm,mice_br,XZ,0.7441947545199933
norm,mice_br,X,5.891181857428054
norm,mice_br,XZ,0.6443964940899803
norm,mice_br,X,6.303573356698938
norm,mice_br,XZ,0.7009053865619358
norm,mice_br,X,6.382718847632029
norm,mice_br,XZ,0.6951813935247718
norm,mice_br,X,6.4630377603099936
norm,mice_br,XZ,0.6846229335734327
norm,mice_br,X,6.355817365043638
norm,mice_br,XZ,0.6864654882889314
norm,mice_br,X,5.96950941753495
norm,mice_br,XZ,0.6340267056293052
norm,mice_br,X,6.683418740901124
norm,mice_br,XZ,0.7166791924958339
norm,mice_br,X,6.760866553324398
norm,mice_br,XZ,0.6987220965823965
norm,mice_br,X,6.144654063162437
norm,mice_br,XZ,0.6522460513056654
norm,mice_br,X,6.7253504140359786
norm,mice_br,XZ,0.733378098308209
norm,mice_br,X,6.157733763356011
norm,mice_br,XZ,0.706851460819428
norm,mice_br,X,5.814831154093468
norm,mice_br,XZ,0.6408118187913338
norm,mice_br,X,6.308768857581177
norm,mice_br,XZ,0.7409862886299841
norm,mice_br,X,6.0895031867661755
norm,mice_br,XZ,0.6551299122141102
norm,mice_br,X,6.0640423517814765
norm,mice_br,XZ,0.6690891806919418
norm,mice_br,X,6.131064480772837
norm,mice_br,XZ,0.6391738950280952
norm,mice_br,X,6.981327236735337
norm,mice_br,XZ,0.7503293528969482
norm,mice_br,X,6.582455609701652
norm,mice_br,XZ,0.710288884297363
norm,mice_br,X,6.255061911754171
norm,mice_br,XZ,0.6596478400361594
norm,mice_br,X,6.194902372723459
norm,mice_br,XZ,0.7488720291488321
norm,mice_br,X,5.77733258575055
norm,mice_br,XZ,0.6661132500030608
norm,mice_br,X,5.6035020137921725
norm,mice_br,XZ,0.6504420327190453
norm,mice_br,X,6.225351945952964
norm,mice_br,XZ,0.6431751697743542
norm,mice_br,X,6.329593955579143
norm,mice_br,XZ,0.7077439251948645
norm,mice_br,X,4.969916440495327
norm,mice_br,XZ,0.6315920583895077
norm,mice_br,X,6.65784420577784
norm,mice_br,XZ,0.7273961986653796
norm,mice_br,X,7.264874550017614
norm,mice_br,XZ,0.7706251324536348
norm,mice_br,X,7.194382220218968
norm,mice_br,XZ,0.7651818374105309
norm,mice_br,X,6.551172546680061
norm,mice_br,XZ,0.6744649204043563
norm,mice_br,X,5.737257813475057
norm,mice_br,XZ,0.6604570682208845
norm,mice_br,X,5.967274663662597
norm,mice_br,XZ,0.6530503875552145
norm,mice_br,X,6.46416347351806
norm,mice_br,XZ,0.7167479480383459
norm,mice_br,X,6.239977254865757
norm,mice_br,XZ,0.6575481757736081
norm,mice_br,X,6.515639114152456
norm,mice_br,XZ,0.7021038596612451
norm,mice_br,X,6.268333726006185
norm,mice_br,XZ,0.7158477378922182
norm,mice_br,X,6.601535650085995
norm,mice_br,XZ,0.7115355878758929
norm,mice_br,X,6.4644481164709875
norm,mice_br,XZ,0.7128965160928707
norm,mice_br,X,5.0427801670189005
norm,mice_br,XZ,0.5511334034231062
norm,mice_br,X,5.706967176627265
norm,mice_br,XZ,0.6262481671255931
norm,mice_br,X,5.9308584807040186
norm,mice_br,XZ,0.6468916027642598
norm,mice_br,X,6.175372316271676
norm,mice_br,XZ,0.6522457422038268
norm,mice_br,X,6.281782537701649
norm,mice_br,XZ,0.6745783686881889
norm,mice_br,X,5.87909877664094
norm,mice_br,XZ,0.6794341441301601
norm,mice_br,X,6.601659446202318
norm,mice_br,XZ,0.763101911725948
norm,mice_br,X,6.317048168636719
norm,mice_br,XZ,0.722274668897384
norm,mice_br,X,5.7745222087658785
norm,mice_br,XZ,0.6722283639181776
norm,mice_br,X,7.161918149996179
norm,mice_br,XZ,0.737030358212246
unif,mice_br,X,4.120058631597804
unif,mice_br,XZ,0.7395425902031536
unif,mice_br,X,4.17469196967341
unif,mice_br,XZ,0.7282380971357931
unif,mice_br,X,4.0471195659166685
unif,mice_br,XZ,0.7341721391701651
unif,mice_br,X,4.237007038136663
unif,mice_br,XZ,0.721055526071672
unif,mice_br,X,3.760165915879945
unif,mice_br,XZ,0.7104113986827225
unif,mice_br,X,3.586123402660027
unif,mice_br,XZ,0.6538625493342272
unif,mice_br,X,4.144515928247748
unif,mice_br,XZ,0.676332897061306
unif,mice_br,X,4.370072949715905
unif,mice_br,XZ,0.7804133358514476
unif,mice_br,X,4.482909650712549
unif,mice_br,XZ,0.7646961036023135
unif,mice_br,X,4.211479833154164
unif,mice_br,XZ,0.7872932461437474
unif,mice_br,X,4.1959338457833395
unif,mice_br,XZ,0.7267382428992039
unif,mice_br,X,3.808182184548771
unif,mice_br,XZ,0.6837171524384824
unif,mice_br,X,3.9181911871641137
unif,mice_br,XZ,0.6857304839738714
unif,mice_br,X,3.9812690012069583
unif,mice_br,XZ,0.7093687685679798
unif,mice_br,X,4.319003114335399
unif,mice_br,XZ,0.7766822026032125
unif,mice_br,X,4.306866162765932
unif,mice_br,XZ,0.7653709230873093
unif,mice_br,X,3.814201106320682
unif,mice_br,XZ,0.6772633213539505
unif,mice_br,X,3.889600288880515
unif,mice_br,XZ,0.7142246412499628
unif,mice_br,X,3.9209257956106947
unif,mice_br,XZ,0.6740949081930904
unif,mice_br,X,4.390570530664628
unif,mice_br,XZ,0.7553715696042607
unif,mice_br,X,4.282864284403778
unif,mice_br,XZ,0.7406124137357855
unif,mice_br,X,3.9111215509223154
unif,mice_br,XZ,0.7185695604215698
unif,mice_br,X,4.06990235876479
unif,mice_br,XZ,0.7372252123384768
unif,mice_br,X,4.040018969246359
unif,mice_br,XZ,0.73526366798344
unif,mice_br,X,4.2950101393329465
unif,mice_br,XZ,0.7082469914791577
unif,mice_br,X,4.278550943303472
unif,mice_br,XZ,0.7459232442949653
unif,mice_br,X,4.429992901983073
unif,mice_br,XZ,0.7918852326851028
unif,mice_br,X,3.86925508441404
unif,mice_br,XZ,0.7071839517845817
unif,mice_br,X,3.88238745973371
unif,mice_br,XZ,0.6887676580286308
unif,mice_br,X,4.32914939239022
unif,mice_br,XZ,0.7462460871473985
unif,mice_br,X,4.253263788177218
unif,mice_br,XZ,0.7097283493381429
unif,mice_br,X,4.1048829447212825
unif,mice_br,XZ,0.7384040739136521
unif,mice_br,X,4.562071512951101
unif,mice_br,XZ,0.7885094358239102
unif,mice_br,X,4.386923237036425
unif,mice_br,XZ,0.7486714787922489
unif,mice_br,X,3.9093502299256966
unif,mice_br,XZ,0.7156814492999636
unif,mice_br,X,3.8441947337684406
unif,mice_br,XZ,0.6741597423336311
unif,mice_br,X,4.07696224680859
unif,mice_br,XZ,0.727080097780713
unif,mice_br,X,4.270523069137592
unif,mice_br,XZ,0.7346472144967242
unif,mice_br,X,4.2330118724234564
unif,mice_br,XZ,0.7605451421982339
unif,mice_br,X,4.067861708134329
unif,mice_br,XZ,0.6847509077582697
unif,mice_br,X,4.177714111230465
unif,mice_br,XZ,0.7358334856713878
unif,mice_br,X,4.1015589150398
unif,mice_br,XZ,0.6931996154279468
unif,mice_br,X,4.023946819101825
unif,mice_br,XZ,0.7119725684370655
unif,mice_br,X,3.996355426590452
unif,mice_br,XZ,0.7332953490913794
unif,mice_br,X,3.841854008785983
unif,mice_br,XZ,0.6686069614380835
unif,mice_br,X,4.312296217493834
unif,mice_br,XZ,0.7526125951937604
unif,mice_br,X,4.18232837432
unif,mice_br,XZ,0.7417671206513594
unif,mice_br,X,4.0757065347202355
unif,mice_br,XZ,0.7140427836348636
unif,mice_br,X,3.655472503486285
unif,mice_br,XZ,0.6836648550110245
unif,mice_br,X,4.207279130065165
unif,mice_br,XZ,0.7327798380582428
unif,mice_br,X,4.042216835209952
unif,mice_br,XZ,0.7595583546863725
unif,mice_br,X,4.473442242551924
unif,mice_br,XZ,0.7926142679103827
unif,mice_br,X,4.050659290956278
unif,mice_br,XZ,0.7092900469678122
unif,mice_br,X,3.936543196951658
unif,mice_br,XZ,0.7043013403959159
unif,mice_br,X,4.080237496896674
unif,mice_br,XZ,0.722957284192952
unif,mice_br,X,4.22562260335904
unif,mice_br,XZ,0.7896835178378812
unif,mice_br,X,4.302340907727714
unif,mice_br,XZ,0.7347926950092964
unif,mice_br,X,4.426424567673284
unif,mice_br,XZ,0.7442205831853335
unif,mice_br,X,3.8643435854743693
unif,mice_br,XZ,0.6971752089770822
unif,mice_br,X,3.863449899229155
unif,mice_br,XZ,0.7170210423499735
unif,mice_br,X,4.348808116626038
unif,mice_br,XZ,0.7996548814007295
unif,mice_br,X,4.208102693416389
unif,mice_br,XZ,0.7141775395876662
unif,mice_br,X,3.8395036992331217
unif,mice_br,XZ,0.6939641275560606
unif,mice_br,X,3.964367637886921
unif,mice_br,XZ,0.7395323526753906
unif,mice_br,X,3.9474175948408807
unif,mice_br,XZ,0.7118982253188566
unif,mice_br,X,4.029483892265964
unif,mice_br,XZ,0.7087245507189261
unif,mice_br,X,3.9405097005075738
unif,mice_br,XZ,0.7218309948739656
unif,mice_br,X,4.562412800788347
unif,mice_br,XZ,0.7729427070577817
unif,mice_br,X,4.296101660772043
unif,mice_br,XZ,0.7818875798456466
unif,mice_br,X,3.7791287407554286
unif,mice_br,XZ,0.6713398254852125
unif,mice_br,X,4.178517277055464
unif,mice_br,XZ,0.755765830930119
unif,mice_br,X,4.032657215617091
unif,mice_br,XZ,0.7240092310580308
unif,mice_br,X,4.365863904776171
unif,mice_br,XZ,0.7248094232984721
unif,mice_br,X,3.930907778208209
unif,mice_br,XZ,0.6964567402606486
unif,mice_br,X,4.239666474488038
unif,mice_br,XZ,0.718131300186931
unif,mice_br,X,3.915420183263876
unif,mice_br,XZ,0.7158704341034651
unif,mice_br,X,4.094063961462732
unif,mice_br,XZ,0.7337123740643481
unif,mice_br,X,4.521634271536837
unif,mice_br,XZ,0.8137051939114565
unif,mice_br,X,4.0193193715890825
unif,mice_br,XZ,0.7474964293155293
unif,mice_br,X,4.240690619853756
unif,mice_br,XZ,0.7286353565523395
unif,mice_br,X,3.774621566005671
unif,mice_br,XZ,0.7167232681592752
unif,mice_br,X,4.686332627031715
unif,mice_br,XZ,0.7462610208079842
unif,mice_br,X,4.343921249558558
unif,mice_br,XZ,0.805627274940347
unif,mice_br,X,3.895798003016792
unif,mice_br,XZ,0.7181447268269002
unif,mice_br,X,4.260011270873698
unif,mice_br,XZ,0.7764267186696371
unif,mice_br,X,4.641322385943261
unif,mice_br,XZ,0.7802502117078595
unif,mice_br,X,3.7987682068735
unif,mice_br,XZ,0.6927942482513163
unif,mice_br,X,4.111079401877195
unif,mice_br,XZ,0.7680406794602465
unif,mice_br,X,4.071887684443566
unif,mice_br,XZ,0.7169727280423499
unif,mice_br,X,4.261906848768488
unif,mice_br,XZ,0.7080856738622353
unif,mice_br,X,4.687964099747582
unif,mice_br,XZ,0.7714622386291107
unif,mice_br,X,3.478806963929055
unif,mice_br,XZ,0.6619718584424227
unif,mice_br,X,4.43272232827328
unif,mice_br,XZ,0.7990397640925637
unif,mice_br,X,4.370357403386534
unif,mice_br,XZ,0.774798639947822
unif,mice_br,X,4.240051531322797
unif,mice_br,XZ,0.7470081842652727
unif,mice_br,X,4.275178377321782
unif,mice_br,XZ,0.725515417594381
unif,mice_br,X,4.4919570666485225
unif,mice_br,XZ,0.764124364356264
unif,mice_br,X,4.03217278370047
unif,mice_br,XZ,0.7370124553049316
unif,mice_br,X,4.338061657565109
unif,mice_br,XZ,0.7640461364460388
unif,mice_br,X,4.371438261731042
unif,mice_br,XZ,0.7775692595747803
lognorm1,mice_br,X,3.8903604012078477
lognorm1,mice_br,XZ,0.7324762837777196
lognorm1,mice_br,X,4.67679877867738
lognorm1,mice_br,XZ,0.7905380888828762
lognorm1,mice_br,X,4.869154254228449
lognorm1,mice_br,XZ,0.8141124337479022
lognorm1,mice_br,X,5.099168712962583
lognorm1,mice_br,XZ,0.8234401655361494
lognorm1,mice_br,X,4.895811871398197
lognorm1,mice_br,XZ,0.7963043913510245
lognorm1,mice_br,X,4.772457789544356
lognorm1,mice_br,XZ,0.7983631246323672
lognorm1,mice_br,X,4.293157214134766
lognorm1,mice_br,XZ,0.7525627494913885
lognorm1,mice_br,X,4.952536817820022
lognorm1,mice_br,XZ,0.7921973827117904
lognorm1,mice_br,X,4.7895206384896944
lognorm1,mice_br,XZ,0.8033443066844749
lognorm1,mice_br,X,5.084462525342325
lognorm1,mice_br,XZ,0.8284174092825333
lognorm1,mice_br,X,3.971894056291031
lognorm1,mice_br,XZ,0.7686812380152814
lognorm1,mice_br,X,4.244922575311015
lognorm1,mice_br,XZ,0.7510958438845031
lognorm1,mice_br,X,4.695634198837806
lognorm1,mice_br,XZ,0.8013773057739977
lognorm1,mice_br,X,5.474336167065987
lognorm1,mice_br,XZ,0.8436856598145276
lognorm1,mice_br,X,4.889830583095215
lognorm1,mice_br,XZ,0.8379695683056678
lognorm1,mice_br,X,4.570882982411571
lognorm1,mice_br,XZ,0.8204046494642465
lognorm1,mice_br,X,5.177646284625151
lognorm1,mice_br,XZ,0.8140163998820097
lognorm1,mice_br,X,4.576343025833981
lognorm1,mice_br,XZ,0.8065001040421765
lognorm1,mice_br,X,4.009120571542038
lognorm1,mice_br,XZ,0.6947445274484745
lognorm1,mice_br,X,5.148467993592289
lognorm1,mice_br,XZ,0.8356059166694587
lognorm1,mice_br,X,4.525655754621217
lognorm1,mice_br,XZ,0.785433642377027
lognorm1,mice_br,X,4.125642330174473
lognorm1,mice_br,XZ,0.7472099762446592
lognorm1,mice_br,X,4.353385114345658
lognorm1,mice_br,XZ,0.8126010053296757
lognorm1,mice_br,X,4.469231746390539
lognorm1,mice_br,XZ,0.7991076695565339
lognorm1,mice_br,X,4.322863945488553
lognorm1,mice_br,XZ,0.7539491963544757
lognorm1,mice_br,X,4.394912655031624
lognorm1,mice_br,XZ,0.752564195695482
lognorm1,mice_br,X,4.470608091438622
lognorm1,mice_br,XZ,0.7845650031338864
lognorm1,mice_br,X,4.481517643404828
lognorm1,mice_br,XZ,0.7491302725661472
lognorm1,mice_br,X,5.092478587454869
lognorm1,mice_br,XZ,0.8598236554555755
lognorm1,mice_br,X,4.888106887075191
lognorm1,mice_br,XZ,0.8710714538913965
lognorm1,mice_br,X,5.290015110080668
lognorm1,mice_br,XZ,0.8343108090653062
lognorm1,mice_br,X,4.717055136171445
lognorm1,mice_br,XZ,0.7899412929476048
lognorm1,mice_br,X,4.923640129454276
lognorm1,mice_br,XZ,0.8183292575743045
lognorm1,mice_br,X,4.26278617811519
lognorm1,mice_br,XZ,0.7477280389780735
lognorm1,mice_br,X,4.462890932719213
lognorm1,mice_br,XZ,0.7837132293105107
lognorm1,mice_br,X,4.780982929055781
lognorm1,mice_br,XZ,0.7891090618613444
lognorm1,mice_br,X,5.061339647541555
lognorm1,mice_br,XZ,0.8382045769359976
lognorm1,mice_br,X,4.76086937068949
lognorm1,mice_br,XZ,0.810976875047419
lognorm1,mice_br,X,4.571518408230997
lognorm1,mice_br,XZ,0.7806451538806876
lognorm1,mice_br,X,4.296388724235174
lognorm1,mice_br,XZ,0.7690539289808488
lognorm1,mice_br,X,4.741638577260239
lognorm1,mice_br,XZ,0.7423041463827814
lognorm1,mice_br,X,4.081374643450145
lognorm1,mice_br,XZ,0.7273525608269971
lognorm1,mice_br,X,4.269606291854655
lognorm1,mice_br,XZ,0.721483868823949
lognorm1,mice_br,X,4.418178503578075
lognorm1,mice_br,XZ,0.7531302414219755
lognorm1,mice_br,X,4.429297322860618
lognorm1,mice_br,XZ,0.7886411540708944
lognorm1,mice_br,X,5.049566585537321
lognorm1,mice_br,XZ,0.818814442384467
lognorm1,mice_br,X,4.597543432116314
lognorm1,mice_br,XZ,0.7937826682831062
lognorm1,mice_br,X,4.671238652481257
lognorm1,mice_br,XZ,0.8112301576287317
lognorm1,mice_br,X,4.698408758851467
lognorm1,mice_br,XZ,0.7592652799718601
lognorm1,mice_br,X,4.085179321875923
lognorm1,mice_br,XZ,0.7194861359219172
lognorm1,mice_br,X,4.494043387282666
lognorm1,mice_br,XZ,0.8137241151878359
lognorm1,mice_br,X,4.733093671437088
lognorm1,mice_br,XZ,0.8213276096136726
lognorm1,mice_br,X,4.3174676624724295
lognorm1,mice_br,XZ,0.7617927804909537
lognorm1,mice_br,X,5.0109943307256
lognorm1,mice_br,XZ,0.8194098748481112
lognorm1,mice_br,X,4.002853588314819
lognorm1,mice_br,XZ,0.7205330279269587
lognorm1,mice_br,X,4.342627281849592
lognorm1,mice_br,XZ,0.774269938402481
lognorm1,mice_br,X,4.395545448613506
lognorm1,mice_br,XZ,0.799855422925532
lognorm1,mice_br,X,4.1065515175314475
lognorm1,mice_br,XZ,0.7315179674431044
lognorm1,mice_br,X,4.1874006120396485
lognorm1,mice_br,XZ,0.7475794152668503
lognorm1,mice_br,X,4.921873842087375
lognorm1,mice_br,XZ,0.798636246428306
lognorm1,mice_br,X,5.000044651399693
lognorm1,mice_br,XZ,0.8298713847118433
lognorm1,mice_br,X,5.130911300899276
lognorm1,mice_br,XZ,0.8362529921400328
lognorm1,mice_br,X,4.473039811060511
lognorm1,mice_br,XZ,0.730611111263106
lognorm1,mice_br,X,4.690218237482917
lognorm1,mice_br,XZ,0.8027515470088544
lognorm1,mice_br,X,4.472382122087074
lognorm1,mice_br,XZ,0.7660025388887182
lognorm1,mice_br,X,4.3451576696285255
lognorm1,mice_br,XZ,0.7502378489697649
lognorm1,mice_br,X,5.071795686396656
lognorm1,mice_br,XZ,0.8294955600828539
lognorm1,mice_br,X,4.9952668612714906
lognorm1,mice_br,XZ,0.8565990867339454
lognorm1,mice_br,X,4.932895835049668
lognorm1,mice_br,XZ,0.7959315194455644
lognorm1,mice_br,X,4.347673145771447
lognorm1,mice_br,XZ,0.7889607490795315
lognorm1,mice_br,X,4.310777535064102
lognorm1,mice_br,XZ,0.7803666185941764
lognorm1,mice_br,X,4.215038801122842
lognorm1,mice_br,XZ,0.7593609713939097
lognorm1,mice_br,X,4.622696063064617
lognorm1,mice_br,XZ,0.7451411084170656
lognorm1,mice_br,X,5.087063818340341
lognorm1,mice_br,XZ,0.8301889358742947
lognorm1,mice_br,X,4.205105728501922
lognorm1,mice_br,XZ,0.7658360836322559
lognorm1,mice_br,X,4.531890192810641
lognorm1,mice_br,XZ,0.7441718458101771
lognorm1,mice_br,X,5.581772521226397
lognorm1,mice_br,XZ,0.8229869567223961
lognorm1,mice_br,X,4.496715309604831
lognorm1,mice_br,XZ,0.7952015346658122
lognorm1,mice_br,X,4.7162495673149145
lognorm1,mice_br,XZ,0.7748515825605297
lognorm1,mice_br,X,4.146147666314496
lognorm1,mice_br,XZ,0.7130973519237046
lognorm1,mice_br,X,4.79595537322131
lognorm1,mice_br,XZ,0.7897484464848936
lognorm1,mice_br,X,4.902622016642379
lognorm1,mice_br,XZ,0.8225089714606079
lognorm1,mice_br,X,4.4730302405572315
lognorm1,mice_br,XZ,0.7734801631395097
lognorm1,mice_br,X,5.217107426291371
lognorm1,mice_br,XZ,0.863361211209994
lognorm1,mice_br,X,4.575547888004565
lognorm1,mice_br,XZ,0.7993808242436315
lognorm1,mice_br,X,4.138147823323579
lognorm1,mice_br,XZ,0.7612446670742523
lognorm1,mice_br,X,3.737511456138025
lognorm1,mice_br,XZ,0.6443163674962967
lognorm1,mice_br,X,5.143232999797695
lognorm1,mice_br,XZ,0.8229065509902939
lognorm1,mice_br,X,5.056491716679211
lognorm1,mice_br,XZ,0.8350656063021058
lognorm1,mice_br,X,4.632586122070157
lognorm1,mice_br,XZ,0.8414018695701135
lognorm1,mice_br,X,4.764993838907925
lognorm1,mice_br,XZ,0.8114533352056217
lognorm1,mice_br,X,4.068164769527931
lognorm1,mice_br,XZ,0.7495203744369473
lognorm1,mice_br,X,4.149754514724224
lognorm1,mice_br,XZ,0.724510837104481
lognorm1,mice_br,X,4.948590123453834
lognorm1,mice_br,XZ,0.8360283123652703
lognorm1,mice_br,X,4.801488528264168
lognorm1,mice_br,XZ,0.8117926754797684
lognorm1,mice_br,X,4.17003023935838
lognorm1,mice_br,XZ,0.7498656225113585
lognorm1,mice_br,X,4.161476475308709
lognorm1,mice_br,XZ,0.7663997460242568
lognorm1,mice_br,X,4.615765490277487
lognorm1,mice_br,XZ,0.8046199617562765
lognorm1,mice_br,X,4.305488359455294
lognorm1,mice_br,XZ,0.7820807615215503
lognorm1,mice_br,X,3.88245281424794
lognorm1,mice_br,XZ,0.7410072632933794
lognorm2,mice_br,X,3.940215558196777
lognorm2,mice_br,XZ,0.8738476147289482
lognorm2,mice_br,X,4.2268467105816505
lognorm2,mice_br,XZ,0.8964720402482255
lognorm2,mice_br,X,3.7663031886854137
lognorm2,mice_br,XZ,0.8289999930574693
lognorm2,mice_br,X,4.351242351898677
lognorm2,mice_br,XZ,0.8988884049682021
lognorm2,mice_br,X,4.524093779403093
lognorm2,mice_br,XZ,0.8424582769836572
lognorm2,mice_br,X,4.1075130351373526
lognorm2,mice_br,XZ,0.8283833849467522
lognorm2,mice_br,X,3.9841360590532346
lognorm2,mice_br,XZ,0.8808172646884174
lognorm2,mice_br,X,4.057485489625498
lognorm2,mice_br,XZ,0.8932371949760023
lognorm2,mice_br,X,4.2965994328738475
lognorm2,mice_br,XZ,0.829375285733813
lognorm2,mice_br,X,4.597530773213886
lognorm2,mice_br,XZ,0.9080677280854418
lognorm2,mice_br,X,4.140312986687663
lognorm2,mice_br,XZ,0.896600867574489
lognorm2,mice_br,X,4.360629777581542
lognorm2,mice_br,XZ,0.8557424046170167
lognorm2,mice_br,X,3.881990002572519
lognorm2,mice_br,XZ,0.8325712511048459
lognorm2,mice_br,X,4.687681287631133
lognorm2,mice_br,XZ,0.8876787963685289
lognorm2,mice_br,X,3.9501351735645267
lognorm2,mice_br,XZ,0.8186308623431807
lognorm2,mice_br,X,4.1667966996009325
lognorm2,mice_br,XZ,0.8793255972556239
lognorm2,mice_br,X,5.177270923529249
lognorm2,mice_br,XZ,0.9000118352203043
lognorm2,mice_br,X,4.141998362700231
lognorm2,mice_br,XZ,0.8255939622119548
lognorm2,mice_br,X,4.49789155394867
lognorm2,mice_br,XZ,0.858517607328629
lognorm2,mice_br,X,4.340022017319633
lognorm2,mice_br,XZ,0.8264169516920535
lognorm2,mice_br,X,4.609416162990216
lognorm2,mice_br,XZ,0.8698242888464056
lognorm2,mice_br,X,3.432138896138803
lognorm2,mice_br,XZ,0.816755008461385
lognorm2,mice_br,X,4.260279136254622
lognorm2,mice_br,XZ,0.8042544374591313
lognorm2,mice_br,X,3.9105830388704446
lognorm2,mice_br,XZ,0.8523912473709547
lognorm2,mice_br,X,4.868190529134545
lognorm2,mice_br,XZ,0.9050068152385019
lognorm2,mice_br,X,4.554787786973103
lognorm2,mice_br,XZ,0.8590119417724142
lognorm2,mice_br,X,3.8825394067749333
lognorm2,mice_br,XZ,0.8657010903232705
lognorm2,mice_br,X,5.016920051462858
lognorm2,mice_br,XZ,0.9007878055666895
lognorm2,mice_br,X,3.741900866301721
lognorm2,mice_br,XZ,0.8511156893021681
lognorm2,mice_br,X,3.430649912358819
lognorm2,mice_br,XZ,0.7984757779936101
lognorm2,mice_br,X,3.477883138853989
lognorm2,mice_br,XZ,0.868807964344211
lognorm2,mice_br,X,4.063580963232766
lognorm2,mice_br,XZ,0.8481836312397201
lognorm2,mice_br,X,5.434246043566692
lognorm2,mice_br,XZ,0.9349306788047553
lognorm2,mice_br,X,4.045572849443719
lognorm2,mice_br,XZ,0.830898775377577
lognorm2,mice_br,X,4.795359048609265
lognorm2,mice_br,XZ,0.9376854628156516
lognorm2,mice_br,X,4.255160964917641
lognorm2,mice_br,XZ,0.876172420412052
lognorm2,mice_br,X,3.571335805937357
lognorm2,mice_br,XZ,0.8467828528055383
lognorm2,mice_br,X,4.599393974560817
lognorm2,mice_br,XZ,0.8864566305570591
lognorm2,mice_br,X,3.9142384550376086
lognorm2,mice_br,XZ,0.8450143465103956
lognorm2,mice_br,X,4.514416431954225
lognorm2,mice_br,XZ,0.9065750688436334
lognorm2,mice_br,X,3.9004208517698644
lognorm2,mice_br,XZ,0.8599731489955608
lognorm2,mice_br,X,4.575110863368663
lognorm2,mice_br,XZ,0.8964778482693612
lognorm2,mice_br,X,3.3562598479641608
lognorm2,mice_br,XZ,0.8640707970845551
lognorm2,mice_br,X,4.3055167262356
lognorm2,mice_br,XZ,0.9012306774871794
lognorm2,mice_br,X,4.058976216351431
lognorm2,mice_br,XZ,0.8094330592015525
lognorm2,mice_br,X,4.16038217636296
lognorm2,mice_br,XZ,0.8696348428703359
lognorm2,mice_br,X,4.262525086288337
lognorm2,mice_br,XZ,0.9065541182939879
lognorm2,mice_br,X,4.827015191774909
lognorm2,mice_br,XZ,0.9211986490796251
lognorm2,mice_br,X,4.87446620931645
lognorm2,mice_br,XZ,0.894067494977631
lognorm2,mice_br,X,3.86273947763743
lognorm2,mice_br,XZ,0.8568359587322298
lognorm2,mice_br,X,4.666703259599215
lognorm2,mice_br,XZ,0.8874815100584117
lognorm2,mice_br,X,4.42095180893432
lognorm2,mice_br,XZ,0.8794181758430607
lognorm2,mice_br,X,3.5216044139365312
lognorm2,mice_br,XZ,0.8446663922635095
lognorm2,mice_br,X,4.577806265469976
lognorm2,mice_br,XZ,0.9119411959787459
lognorm2,mice_br,X,4.2389948775972695
lognorm2,mice_br,XZ,0.9235348998058549
lognorm2,mice_br,X,4.4001089762185295
lognorm2,mice_br,XZ,0.902206097654978
lognorm2,mice_br,X,3.820909055965219
lognorm2,mice_br,XZ,0.8684011005607919
lognorm2,mice_br,X,5.021233235675744
lognorm2,mice_br,XZ,0.9116023675655884
lognorm2,mice_br,X,4.464636818200126
lognorm2,mice_br,XZ,0.8583603831938149
lognorm2,mice_br,X,4.104492670450634
lognorm2,mice_br,XZ,0.8508262494345401
lognorm2,mice_br,X,3.980726781997949
lognorm2,mice_br,XZ,0.8346770795830158
lognorm2,mice_br,X,3.4632915465488887
lognorm2,mice_br,XZ,0.8104503424322582
lognorm2,mice_br,X,3.931048245627632
lognorm2,mice_br,XZ,0.8378505878018512
lognorm2,mice_br,X,4.863401620492811
lognorm2,mice_br,XZ,0.9140391570434732
lognorm2,mice_br,X,4.769993593954088
lognorm2,mice_br,XZ,0.8811183030006338
lognorm2,mice_br,X,4.11885969662007
lognorm2,mice_br,XZ,0.8375152951345142
lognorm2,mice_br,X,4.053806974358875
lognorm2,mice_br,XZ,0.8911666079001088
lognorm2,mice_br,X,4.232477345850842
lognorm2,mice_br,XZ,0.8239098677397382
lognorm2,mice_br,X,4.0403025640513235
lognorm2,mice_br,XZ,0.8216153439423094
lognorm2,mice_br,X,5.226979034516246
lognorm2,mice_br,XZ,0.9272724575316291
lognorm2,mice_br,X,4.0743111881904825
lognorm2,mice_br,XZ,0.8776374301494743
lognorm2,mice_br,X,4.995987444664773
lognorm2,mice_br,XZ,0.8934185276281421
lognorm2,mice_br,X,4.122098830320829
lognorm2,mice_br,XZ,0.8493109240987112
lognorm2,mice_br,X,3.9925595235465403
lognorm2,mice_br,XZ,0.8203178595067047
lognorm2,mice_br,X,5.006025723390652
lognorm2,mice_br,XZ,0.9036277901693666
lognorm2,mice_br,X,4.068808895701907
lognorm2,mice_br,XZ,0.8524133309587775
lognorm2,mice_br,X,4.539488623269955
lognorm2,mice_br,XZ,0.8882574323171685
lognorm2,mice_br,X,4.056970068000736
lognorm2,mice_br,XZ,0.8384623947065132
lognorm2,mice_br,X,4.7156946183177615
lognorm2,mice_br,XZ,0.8908705175846061
lognorm2,mice_br,X,4.53662055605135
lognorm2,mice_br,XZ,0.8345791084782536
lognorm2,mice_br,X,4.736217411664217
lognorm2,mice_br,XZ,0.902113216078282
lognorm2,mice_br,X,4.246233842475388
lognorm2,mice_br,XZ,0.8591843032036394
lognorm2,mice_br,X,4.426211146098643
lognorm2,mice_br,XZ,0.8665854372820501
lognorm2,mice_br,X,3.7444763040640683
lognorm2,mice_br,XZ,0.8111835324876125
lognorm2,mice_br,X,4.41949204284874
lognorm2,mice_br,XZ,0.8619958229702528
lognorm2,mice_br,X,3.9854863050154337
lognorm2,mice_br,XZ,0.8154969306858456
lognorm2,mice_br,X,4.386688010525663
lognorm2,mice_br,XZ,0.844449086165666
lognorm2,mice_br,X,4.491138741074119
lognorm2,mice_br,XZ,0.8685853012666769
lognorm2,mice_br,X,4.33955388218098
lognorm2,mice_br,XZ,0.8294081715722326
lognorm2,mice_br,X,4.465046681821181
lognorm2,mice_br,XZ,0.9027017838825335
lognorm2,mice_br,X,4.8046164088903796
lognorm2,mice_br,XZ,0.9168552324642683
lognorm2,mice_br,X,4.497173972522353
lognorm2,mice_br,XZ,0.8931424581899274
lognorm2,mice_br,X,4.940596322887784
lognorm2,mice_br,XZ,0.884612960610901
lognorm2,mice_br,X,4.407083286258864
lognorm2,mice_br,XZ,0.872861214006829
lognorm2,mice_br,X,3.7091188794441514
lognorm2,mice_br,XZ,0.871314649688283
lognorm2,mice_br,X,4.308583591696231
lognorm2,mice_br,XZ,0.8457062048420153
lognorm2,mice_br,X,3.918984560602558
lognorm2,mice_br,XZ,0.8558233145518408
lognorm2,mice_br,X,4.130919038356195
lognorm2,mice_br,XZ,0.8535086288687893
lognorm2,mice_br,X,4.0382738776366685
lognorm2,mice_br,XZ,0.8853256421254867
lognorm2,mice_br,X,3.9446683977984867
lognorm2,mice_br,XZ,0.8217681119721054
gamma1,mice_br,X,3.92741129750589
gamma1,mice_br,XZ,0.8014929152005446
gamma1,mice_br,X,4.700589891345324
gamma1,mice_br,XZ,0.9089143147880006
gamma1,mice_br,X,4.081019776435674
gamma1,mice_br,XZ,0.8721084039411298
gamma1,mice_br,X,4.192390726616475
gamma1,mice_br,XZ,0.8585664524058008
gamma1,mice_br,X,3.7671569151685174
gamma1,mice_br,XZ,0.8406082007441776
gamma1,mice_br,X,3.9732173072567116
gamma1,mice_br,XZ,0.8589140725158773
gamma1,mice_br,X,4.443458863667773
gamma1,mice_br,XZ,0.8657996037609201
gamma1,mice_br,X,4.402404483780756
gamma1,mice_br,XZ,0.9101882161936384
gamma1,mice_br,X,5.123202275802656
gamma1,mice_br,XZ,0.9230921767992749
gamma1,mice_br,X,4.63323776177048
gamma1,mice_br,XZ,0.900318437925168
gamma1,mice_br,X,3.910658919331234
gamma1,mice_br,XZ,0.8301430020756404
gamma1,mice_br,X,4.138985201997024
gamma1,mice_br,XZ,0.8538307026432679
gamma1,mice_br,X,4.061406725031829
gamma1,mice_br,XZ,0.8369438736443094
gamma1,mice_br,X,4.108237686303213
gamma1,mice_br,XZ,0.8497157359740555
gamma1,mice_br,X,4.374374509236336
gamma1,mice_br,XZ,0.8754266507919196
gamma1,mice_br,X,4.099173205538197
gamma1,mice_br,XZ,0.7655736588736308
gamma1,mice_br,X,4.0603510018382645
gamma1,mice_br,XZ,0.8494616208196683
gamma1,mice_br,X,4.165080013445578
gamma1,mice_br,XZ,0.8408978307300399
gamma1,mice_br,X,3.9503084498876557
gamma1,mice_br,XZ,0.8156539665360261
gamma1,mice_br,X,4.292573434156707
gamma1,mice_br,XZ,0.8482150707774098
gamma1,mice_br,X,4.183675795699431
gamma1,mice_br,XZ,0.8476743654542344
gamma1,mice_br,X,4.8991022749040845
gamma1,mice_br,XZ,0.9229014281009797
gamma1,mice_br,X,4.56207857883455
gamma1,mice_br,XZ,0.8755226140281367
gamma1,mice_br,X,4.38066398527207
gamma1,mice_br,XZ,0.8525893339903718
gamma1,mice_br,X,4.041885743636379
gamma1,mice_br,XZ,0.8254276242667242
gamma1,mice_br,X,4.447765976515025
gamma1,mice_br,XZ,0.8636783545664922
gamma1,mice_br,X,4.084091423670451
gamma1,mice_br,XZ,0.8499730679006982
gamma1,mice_br,X,4.3999910873069155
gamma1,mice_br,XZ,0.8926382466673286
gamma1,mice_br,X,4.120513666517234
gamma1,mice_br,XZ,0.847414757654965
gamma1,mice_br,X,4.701686664186854
gamma1,mice_br,XZ,0.882282152541843
gamma1,mice_br,X,3.887287553996038
gamma1,mice_br,XZ,0.849257042126319
gamma1,mice_br,X,4.429742083590013
gamma1,mice_br,XZ,0.8851853600097274
gamma1,mice_br,X,4.083911337675221
gamma1,mice_br,XZ,0.8443032313262315
gamma1,mice_br,X,3.759760375204082
gamma1,mice_br,XZ,0.801002808515568
gamma1,mice_br,X,4.442168843308844
gamma1,mice_br,XZ,0.8383376162180637
gamma1,mice_br,X,4.32772746824076
gamma1,mice_br,XZ,0.852838265346694
gamma1,mice_br,X,3.7643006734411117
gamma1,mice_br,XZ,0.8369349226547314
gamma1,mice_br,X,3.4620889469301
gamma1,mice_br,XZ,0.7970690449367206
gamma1,mice_br,X,4.6999401973958905
gamma1,mice_br,XZ,0.8818068878221645
gamma1,mice_br,X,3.6078235367406704
gamma1,mice_br,XZ,0.809862721196032
gamma1,mice_br,X,4.12608934250979
gamma1,mice_br,XZ,0.8976199624699127
gamma1,mice_br,X,4.273152119107632
gamma1,mice_br,XZ,0.8116958225592734
gamma1,mice_br,X,4.026363807477269
gamma1,mice_br,XZ,0.7984061803012676
gamma1,mice_br,X,4.006219440174011
gamma1,mice_br,XZ,0.8551880595584841
gamma1,mice_br,X,4.270674973994299
gamma1,mice_br,XZ,0.8454671807916789
gamma1,mice_br,X,4.342493586847293
gamma1,mice_br,XZ,0.8351855623997485
gamma1,mice_br,X,3.9525910905059387
gamma1,mice_br,XZ,0.8320276764115933
gamma1,mice_br,X,3.6891219475953028
gamma1,mice_br,XZ,0.8228431753953043
gamma1,mice_br,X,4.307660904901375
gamma1,mice_br,XZ,0.8794162775608755
gamma1,mice_br,X,4.077972235575976
gamma1,mice_br,XZ,0.8136119022148748
gamma1,mice_br,X,4.096122839302154
gamma1,mice_br,XZ,0.8335576985825681
gamma1,mice_br,X,3.845195756859106
gamma1,mice_br,XZ,0.8691067819068642
gamma1,mice_br,X,4.190408069301318
gamma1,mice_br,XZ,0.8816198798108346
gamma1,mice_br,X,4.480621060173773
gamma1,mice_br,XZ,0.8954845632822008
gamma1,mice_br,X,3.699497759041147
gamma1,mice_br,XZ,0.8113260110948958
gamma1,mice_br,X,4.385477480639767
gamma1,mice_br,XZ,0.8601187640430084
gamma1,mice_br,X,3.6677702358319606
gamma1,mice_br,XZ,0.794543246783823
gamma1,mice_br,X,4.009680427870059
gamma1,mice_br,XZ,0.8055252875633995
gamma1,mice_br,X,3.3889600574395775
gamma1,mice_br,XZ,0.7871460947825262
gamma1,mice_br,X,3.7554999659961337
gamma1,mice_br,XZ,0.7939439404221462
gamma1,mice_br,X,4.081947117812615
gamma1,mice_br,XZ,0.7792916480297469
gamma1,mice_br,X,4.138158018176843
gamma1,mice_br,XZ,0.8087549044671946
gamma1,mice_br,X,4.109401521650875
gamma1,mice_br,XZ,0.8596252187088925
gamma1,mice_br,X,4.750482556868761
gamma1,mice_br,XZ,0.8682862864190637
gamma1,mice_br,X,3.4341892677245704
gamma1,mice_br,XZ,0.8206216447770587
gamma1,mice_br,X,3.936273697797595
gamma1,mice_br,XZ,0.817727188613925
gamma1,mice_br,X,4.187432289726321
gamma1,mice_br,XZ,0.8219400257622586
gamma1,mice_br,X,3.919765788447547
gamma1,mice_br,XZ,0.8243261407214356
gamma1,mice_br,X,3.9949532960361354
gamma1,mice_br,XZ,0.8576263728205583
gamma1,mice_br,X,4.045009771983236
gamma1,mice_br,XZ,0.8176479610295607
gamma1,mice_br,X,4.27584992219196
gamma1,mice_br,XZ,0.8430191880113924
gamma1,mice_br,X,3.886214275432927
gamma1,mice_br,XZ,0.8478441857688589
gamma1,mice_br,X,4.096853659827473
gamma1,mice_br,XZ,0.8269149403977833
gamma1,mice_br,X,4.822237011273509
gamma1,mice_br,XZ,0.9231865827836541
gamma1,mice_br,X,3.8344002234445917
gamma1,mice_br,XZ,0.8337452347234622
gamma1,mice_br,X,3.9233311817825305
gamma1,mice_br,XZ,0.8606129284660904
gamma1,mice_br,X,4.227200051825002
gamma1,mice_br,XZ,0.8599242752745613
gamma1,mice_br,X,4.261767813920745
gamma1,mice_br,XZ,0.8249212025382959
gamma1,mice_br,X,3.709150525382787
gamma1,mice_br,XZ,0.8598519133360195
gamma1,mice_br,X,4.478139226215355
gamma1,mice_br,XZ,0.8970075140205555
gamma1,mice_br,X,4.038474280291604
gamma1,mice_br,XZ,0.8854495110667681
gamma1,mice_br,X,4.272156591893231
gamma1,mice_br,XZ,0.8906896166289169
gamma1,mice_br,X,3.5447563421008192
gamma1,mice_br,XZ,0.7748236621283392
gamma1,mice_br,X,3.721441638137054
gamma1,mice_br,XZ,0.7790739489795696
gamma1,mice_br,X,4.036921232500294
gamma1,mice_br,XZ,0.8436636488293017
gamma1,mice_br,X,4.498773956067243
gamma1,mice_br,XZ,0.8932133552223872
gamma1,mice_br,X,4.120212411853414
gamma1,mice_br,XZ,0.820022746798406
gamma1,mice_br,X,4.672994946829212
gamma1,mice_br,XZ,0.8747300306372741
gamma1,mice_br,X,4.4976531155465524
gamma1,mice_br,XZ,0.8433160913355863
gamma1,mice_br,X,4.951520541456603
gamma1,mice_br,XZ,0.8568539267328518
gamma1,mice_br,X,3.875874036687151
gamma1,mice_br,XZ,0.8116032180094617
gamma1,mice_br,X,3.9307080513433874
gamma1,mice_br,XZ,0.8809165753632444
gamma1,mice_br,X,4.438532691712396
gamma1,mice_br,XZ,0.8987827001013362
gamma1,mice_br,X,3.7446480483986724
gamma1,mice_br,XZ,0.8193549757220872
gamma1,mice_br,X,4.458146783222531
gamma1,mice_br,XZ,0.9057572708596665
gamma1,mice_br,X,3.979984156904146
gamma1,mice_br,XZ,0.843958675726145
gamma1,mice_br,X,4.514950196967111
gamma1,mice_br,XZ,0.9207258687951377
gamma1,mice_br,X,3.9434178155200543
gamma1,mice_br,XZ,0.8606510464608271
gamma1,mice_br,X,4.3370425400959
gamma1,mice_br,XZ,0.8736158020257105
gamma1,mice_br,X,4.103999328184506
gamma1,mice_br,XZ,0.8201484848584006
gamma2,mice_br,X,4.18492706398704
gamma2,mice_br,XZ,0.8124994785466326
gamma2,mice_br,X,4.6172576449436855
gamma2,mice_br,XZ,0.8720006077309677
gamma2,mice_br,X,4.1910784570042185
gamma2,mice_br,XZ,0.7692840134790118
gamma2,mice_br,X,4.3159292409738335
gamma2,mice_br,XZ,0.8182769575855308
gamma2,mice_br,X,4.330057660785605
gamma2,mice_br,XZ,0.799914001696616
gamma2,mice_br,X,4.396210713354174
gamma2,mice_br,XZ,0.8463452683720886
gamma2,mice_br,X,4.401874727513749
gamma2,mice_br,XZ,0.8156249966041658
gamma2,mice_br,X,4.782592333114946
gamma2,mice_br,XZ,0.8508215749278151
gamma2,mice_br,X,4.518281141985233
gamma2,mice_br,XZ,0.8256273668337345
gamma2,mice_br,X,4.591478085173076
gamma2,mice_br,XZ,0.8523410889096473
gamma2,mice_br,X,4.379580517670072
gamma2,mice_br,XZ,0.8251168892113352
gamma2,mice_br,X,4.954219288829166
gamma2,mice_br,XZ,0.8823132402884497
gamma2,mice_br,X,4.447686966975751
gamma2,mice_br,XZ,0.8070803152195085
gamma2,mice_br,X,4.289214771148522
gamma2,mice_br,XZ,0.7961275692124422
gamma2,mice_br,X,3.699638288441013
gamma2,mice_br,XZ,0.7536462087529262
gamma2,mice_br,X,3.863367150107852
gamma2,mice_br,XZ,0.7385145090434749
gamma2,mice_br,X,4.381911019966651
gamma2,mice_br,XZ,0.8631769225822151
gamma2,mice_br,X,4.286544554271184
gamma2,mice_br,XZ,0.8454240162738873
gamma2,mice_br,X,4.484125531952841
gamma2,mice_br,XZ,0.8166660133382446
gamma2,mice_br,X,4.016846085270134
gamma2,mice_br,XZ,0.8249298685598019
gamma2,mice_br,X,4.438528158352641
gamma2,mice_br,XZ,0.839484945729775
gamma2,mice_br,X,4.415861865662955
gamma2,mice_br,XZ,0.8340609145846862
gamma2,mice_br,X,3.837309534767092
gamma2,mice_br,XZ,0.7468522526873226
gamma2,mice_br,X,4.42264356750527
gamma2,mice_br,XZ,0.806877692793156
gamma2,mice_br,X,3.769466686582698
gamma2,mice_br,XZ,0.7566814809212958
gamma2,mice_br,X,4.715809817817185
gamma2,mice_br,XZ,0.8420260884752179
gamma2,mice_br,X,4.428486137237316
gamma2,mice_br,XZ,0.8210171267228218
gamma2,mice_br,X,4.90429690317131
gamma2,mice_br,XZ,0.8509193317798838
gamma2,mice_br,X,4.796227976010985
gamma2,mice_br,XZ,0.8698171918612636
gamma2,mice_br,X,4.147167094547458
gamma2,mice_br,XZ,0.7996876616538648
gamma2,mice_br,X,4.570938977152755
gamma2,mice_br,XZ,0.8683088834650888
gamma2,mice_br,X,4.645129899322778
gamma2,mice_br,XZ,0.8633486890305648
gamma2,mice_br,X,4.439360602055223
gamma2,mice_br,XZ,0.831294065176502
gamma2,mice_br,X,4.317393060399378
gamma2,mice_br,XZ,0.8424942642940016
gamma2,mice_br,X,4.782339867215718
gamma2,mice_br,XZ,0.8054390126909032
gamma2,mice_br,X,4.481805468965344
gamma2,mice_br,XZ,0.7739219629683116
gamma2,mice_br,X,4.375115744169694
gamma2,mice_br,XZ,0.8410941848008288
gamma2,mice_br,X,4.424293035681446
gamma2,mice_br,XZ,0.8732500878282131
gamma2,mice_br,X,3.913656517420929
gamma2,mice_br,XZ,0.7532375729348841
gamma2,mice_br,X,4.169114980337159
gamma2,mice_br,XZ,0.7987188491976763
gamma2,mice_br,X,4.214340168814239
gamma2,mice_br,XZ,0.7909130146070117
gamma2,mice_br,X,4.367292147879506
gamma2,mice_br,XZ,0.7885802470341056
gamma2,mice_br,X,4.837350746079367
gamma2,mice_br,XZ,0.878547805165873
gamma2,mice_br,X,4.61248515413852
gamma2,mice_br,XZ,0.8316140769946154
gamma2,mice_br,X,4.1329866773732045
gamma2,mice_br,XZ,0.8249267434678182
gamma2,mice_br,X,4.549815188184906
gamma2,mice_br,XZ,0.8601571637847416
gamma2,mice_br,X,4.520768226026663
gamma2,mice_br,XZ,0.8518586647100014
gamma2,mice_br,X,4.0558496280032
gamma2,mice_br,XZ,0.7915733221126362
gamma2,mice_br,X,3.917405655783637
gamma2,mice_br,XZ,0.8094547661727985
gamma2,mice_br,X,4.1670719856986445
gamma2,mice_br,XZ,0.8127926241204356
gamma2,mice_br,X,3.9706662122804515
gamma2,mice_br,XZ,0.7813415942659102
gamma2,mice_br,X,4.038569857233618
gamma2,mice_br,XZ,0.7757662041089671
gamma2,mice_br,X,4.459880708372054
gamma2,mice_br,XZ,0.8096885878825442
gamma2,mice_br,X,4.422133758818799
gamma2,mice_br,XZ,0.7977896981966678
gamma2,mice_br,X,4.116308685918031
gamma2,mice_br,XZ,0.7291346457291252
gamma2,mice_br,X,3.9756743698185835
gamma2,mice_br,XZ,0.7955829600712759
gamma2,mice_br,X,4.286255105300314
gamma2,mice_br,XZ,0.8223611801980563
gamma2,mice_br,X,4.035730156533545
gamma2,mice_br,XZ,0.817832410499672
gamma2,mice_br,X,5.154518540970403
gamma2,mice_br,XZ,0.8356272900678222
gamma2,mice_br,X,5.429531137199196
gamma2,mice_br,XZ,0.8592424277757303
gamma2,mice_br,X,3.7551918088426035
gamma2,mice_br,XZ,0.7793537111949187
gamma2,mice_br,X,3.400441663944362
gamma2,mice_br,XZ,0.7347975311774608
gamma2,mice_br,X,4.140106201818795
gamma2,mice_br,XZ,0.8328757562240419
gamma2,mice_br,X,4.580613324670593
gamma2,mice_br,XZ,0.8120426471778823
gamma2,mice_br,X,4.04766226100966
gamma2,mice_br,XZ,0.8299157365878277
gamma2,mice_br,X,4.1974483363685
gamma2,mice_br,XZ,0.8054132147830335
gamma2,mice_br,X,4.238017373634366
gamma2,mice_br,XZ,0.8084098526820676
gamma2,mice_br,X,4.266895841367618
gamma2,mice_br,XZ,0.8430321659973149
gamma2,mice_br,X,3.765061981949266
gamma2,mice_br,XZ,0.7293411918540313
gamma2,mice_br,X,4.268040135745584
gamma2,mice_br,XZ,0.8329336298005224
gamma2,mice_br,X,3.935645403292953
gamma2,mice_br,XZ,0.8075840188651161
gamma2,mice_br,X,4.480415036198096
gamma2,mice_br,XZ,0.8143978375791846
gamma2,mice_br,X,4.408651283586451
gamma2,mice_br,XZ,0.8057271626985492
gamma2,mice_br,X,4.559190843816095
gamma2,mice_br,XZ,0.8045257125273164
gamma2,mice_br,X,4.655437789456738
gamma2,mice_br,XZ,0.8505263311473996
gamma2,mice_br,X,4.307435416429973
gamma2,mice_br,XZ,0.7964670928255827
gamma2,mice_br,X,4.345642595128328
gamma2,mice_br,XZ,0.8116143204186922
gamma2,mice_br,X,4.041527987561009
gamma2,mice_br,XZ,0.7907316381212371
gamma2,mice_br,X,4.163379621081646
gamma2,mice_br,XZ,0.815399852726044
gamma2,mice_br,X,4.3098766756766365
gamma2,mice_br,XZ,0.8204839589460673
gamma2,mice_br,X,4.685843308844857
gamma2,mice_br,XZ,0.8706944385727339
gamma2,mice_br,X,4.348101518072146
gamma2,mice_br,XZ,0.8311671465193299
gamma2,mice_br,X,4.423989199898015
gamma2,mice_br,XZ,0.840347916704834
gamma2,mice_br,X,4.689463725566009
gamma2,mice_br,XZ,0.8576723289090752
gamma2,mice_br,X,4.296406480344196
gamma2,mice_br,XZ,0.7938307225065543
gamma2,mice_br,X,4.5741187716119995
gamma2,mice_br,XZ,0.8193077476920725
gamma2,mice_br,X,4.67734604647281
gamma2,mice_br,XZ,0.8018250184064266
gamma2,mice_br,X,4.524404894356782
gamma2,mice_br,XZ,0.840636020832106
gamma2,mice_br,X,4.380025564425752
gamma2,mice_br,XZ,0.8422166815501722
gamma2,mice_br,X,4.287183095025798
gamma2,mice_br,XZ,0.7976699097684256
gamma2,mice_br,X,3.8505675223220717
gamma2,mice_br,XZ,0.7635180076351542
gamma2,mice_br,X,4.948880660210101
gamma2,mice_br,XZ,0.8615198052379819
gamma2,mice_br,X,4.464821935004218
gamma2,mice_br,XZ,0.8262919189052361
gamma2,mice_br,X,4.61991533896531
gamma2,mice_br,XZ,0.8554889535645887
gamma2,mice_br,X,4.324952540198307
gamma2,mice_br,XZ,0.8063988423464354
gamma2,mice_br,X,4.2663479527799915
gamma2,mice_br,XZ,0.846942011822939
gamma2,mice_br,X,4.026380942713133
gamma2,mice_br,XZ,0.7944460591440363
gamma2,mice_br,X,4.193997205524359
gamma2,mice_br,XZ,0.8520986675506298
gamma2,mice_br,X,4.450175927713303
gamma2,mice_br,XZ,0.7867466192371355
gamma2,mice_br,X,4.6242095203144045
gamma2,mice_br,XZ,0.8562090414168242
