dist,estimator,col,relb_coef
norm_mix1,mice_rf,X,-0.11829897268761395
norm_mix1,mice_rf,XZ,-0.03631870319975559
norm_mix1,mice_br,X,0.19300224079669775
norm_mix1,mice_br,XZ,0.4024996177344219
norm_mix1,knn,X,0.581885568819944
norm_mix1,knn,XZ,0.9198260445817396
norm_mix1,mice_rf,X,-0.14347496523223346
norm_mix1,mice_rf,XZ,-0.13031521267071208
norm_mix1,mice_br,X,0.08697882717224419
norm_mix1,mice_br,XZ,0.10677080512751272
norm_mix1,knn,X,0.32985328502428707
norm_mix1,knn,XZ,0.34785130822571037
norm_mix1,mice_rf,X,-0.10953290235021167
norm_mix1,mice_rf,XZ,-0.2176491973391553
norm_mix1,mice_br,X,0.053270649082601915
norm_mix1,mice_br,XZ,0.04630151279278527
norm_mix1,knn,X,0.2645635343632357
norm_mix1,knn,XZ,0.13704282705737045
norm_mix1,mice_rf,X,-0.2011983326567216
norm_mix1,mice_rf,XZ,-0.21984768295971568
norm_mix1,mice_br,X,0.000998916239518548
norm_mix1,mice_br,XZ,-0.003400394101365299
norm_mix1,knn,X,0.3196844291036654
norm_mix1,knn,XZ,0.36134868022824923
norm_mix1,mice_rf,X,-0.21321544802670148
norm_mix1,mice_rf,XZ,-0.17497623387666641
norm_mix1,mice_br,X,-0.022723615546171687
norm_mix1,mice_br,XZ,0.0056626799230498825
norm_mix1,knn,X,0.31095868498264956
norm_mix1,knn,XZ,0.36260598955894685
norm_mix1,mice_rf,X,-0.22491445093634188
norm_mix1,mice_rf,XZ,-0.2901096221289006
norm_mix1,mice_br,X,-0.032642351191158055
norm_mix1,mice_br,XZ,-0.05927642894358917
norm_mix1,knn,X,0.21899866977087695
norm_mix1,knn,XZ,0.1620399367962536
norm_mix1,mice_rf,X,-0.16275003477787484
norm_mix1,mice_rf,XZ,-0.10393906531811395
norm_mix1,mice_br,X,-0.019134674297680246
norm_mix1,mice_br,XZ,0.06923286605790469
norm_mix1,knn,X,0.2626266223620898
norm_mix1,knn,XZ,0.34340121115988476
norm_mix1,mice_rf,X,-0.20515176981392275
norm_mix1,mice_rf,XZ,-0.23712289047650792
norm_mix1,mice_br,X,0.03197456363809642
norm_mix1,mice_br,XZ,0.059350311548935025
norm_mix1,knn,X,0.3519747797422964
norm_mix1,knn,XZ,0.4560520556732679
norm_mix1,mice_rf,X,-0.1768212298745968
norm_mix1,mice_rf,XZ,-0.08627913267744466
norm_mix1,mice_br,X,0.008363038961907761
norm_mix1,mice_br,XZ,0.11581530149447114
norm_mix1,knn,X,0.35468294719069576
norm_mix1,knn,XZ,0.5418897645447438
norm_mix1,mice_rf,X,-0.2832054514773341
norm_mix1,mice_rf,XZ,-0.41228675574968143
norm_mix1,mice_br,X,-0.04119472236639767
norm_mix1,mice_br,XZ,-0.10217748532249266
norm_mix1,knn,X,0.15638735760214292
norm_mix1,knn,XZ,0.06811130552417616
norm_mix1,mice_rf,X,-0.283739292758167
norm_mix1,mice_rf,XZ,-0.3303875303241695
norm_mix1,mice_br,X,-0.13937989727514632
norm_mix1,mice_br,XZ,-0.20331114915997733
norm_mix1,knn,X,0.07790035382716085
norm_mix1,knn,XZ,0.060047448939047426
norm_mix1,mice_rf,X,-0.27662644527995867
norm_mix1,mice_rf,XZ,-0.23905885786092654
norm_mix1,mice_br,X,-0.02795505843671244
norm_mix1,mice_br,XZ,0.012997129784234448
norm_mix1,knn,X,0.31792809948330414
norm_mix1,knn,XZ,0.47105169740217984
norm_mix1,mice_rf,X,-0.28620229141732234
norm_mix1,mice_rf,XZ,-0.34738773923919153
norm_mix1,mice_br,X,-0.08455591610143758
norm_mix1,mice_br,XZ,-0.11970668754577833
norm_mix1,knn,X,0.2157728784097566
norm_mix1,knn,XZ,0.1766326565881218
norm_mix1,mice_rf,X,-0.20602136918128258
norm_mix1,mice_rf,XZ,-0.27177361506092185
norm_mix1,mice_br,X,-0.09033598171176875
norm_mix1,mice_br,XZ,-0.13454001633390103
norm_mix1,knn,X,0.23439082560306712
norm_mix1,knn,XZ,0.13996577238322977
norm_mix1,mice_rf,X,-0.20486925158127034
norm_mix1,mice_rf,XZ,-0.18247605873676276
norm_mix1,mice_br,X,-0.09753671084621267
norm_mix1,mice_br,XZ,-0.14143309412241264
norm_mix1,knn,X,0.24610966744628526
norm_mix1,knn,XZ,0.2300656288186025
norm_mix1,mice_rf,X,-0.08520827155320819
norm_mix1,mice_rf,XZ,-0.10386411025787474
norm_mix1,mice_br,X,0.07706015877336946
norm_mix1,mice_br,XZ,0.09921613833390747
norm_mix1,knn,X,0.38300096727850846
norm_mix1,knn,XZ,0.4216004361284929
norm_mix1,mice_rf,X,-0.06979980680414312
norm_mix1,mice_rf,XZ,-0.11172255132384491
norm_mix1,mice_br,X,0.07728000365756335
norm_mix1,mice_br,XZ,0.009473785076326067
norm_mix1,knn,X,0.3107592752039193
norm_mix1,knn,XZ,0.19509136520678869
norm_mix1,mice_rf,X,-0.03353060055112085
norm_mix1,mice_rf,XZ,-0.04340109882851341
norm_mix1,mice_br,X,-0.02168572968694388
norm_mix1,mice_br,XZ,-0.10621940662993361
norm_mix1,knn,X,0.32154339034200147
norm_mix1,knn,XZ,0.29799275698558364
norm_mix1,mice_rf,X,-0.28745949486577754
norm_mix1,mice_rf,XZ,-0.36596802812223145
norm_mix1,mice_br,X,-0.06341191689668331
norm_mix1,mice_br,XZ,-0.08321226871822111
norm_mix1,knn,X,0.2549690541543732
norm_mix1,knn,XZ,0.2531067374010301
norm_mix1,mice_rf,X,-0.15420737040839816
norm_mix1,mice_rf,XZ,-0.16569372841582158
norm_mix1,mice_br,X,0.08696979495831111
norm_mix1,mice_br,XZ,0.1237391434786812
norm_mix1,knn,X,0.3752596682582825
norm_mix1,knn,XZ,0.43448074810167847
norm_mix1,mice_rf,X,-0.24587157777210458
norm_mix1,mice_rf,XZ,-0.2736163831175255
norm_mix1,mice_br,X,-0.07006304679086485
norm_mix1,mice_br,XZ,-0.046549063196574626
norm_mix1,knn,X,0.13985044441969446
norm_mix1,knn,XZ,0.12202280290791201
norm_mix1,mice_rf,X,0.008592762207130804
norm_mix1,mice_rf,XZ,0.0912374502998534
norm_mix1,mice_br,X,0.07416178850750292
norm_mix1,mice_br,XZ,0.1538971013094639
norm_mix1,knn,X,0.27907790608864674
norm_mix1,knn,XZ,0.25159007291783914
norm_mix1,mice_rf,X,-0.2423591447910209
norm_mix1,mice_rf,XZ,-0.3818804583676313
norm_mix1,mice_br,X,0.06262066878906988
norm_mix1,mice_br,XZ,0.05677045793197013
norm_mix1,knn,X,0.30297458231099605
norm_mix1,knn,XZ,0.2857769400004422
norm_mix1,mice_rf,X,-0.12113882753707238
norm_mix1,mice_rf,XZ,-0.18788522256743734
norm_mix1,mice_br,X,-0.03381505136596372
norm_mix1,mice_br,XZ,-0.09985353983244415
norm_mix1,knn,X,0.3363359905566978
norm_mix1,knn,XZ,0.29981043456628137
norm_mix1,mice_rf,X,-0.23365315164029893
norm_mix1,mice_rf,XZ,-0.26225193178105227
norm_mix1,mice_br,X,-0.1495440052620477
norm_mix1,mice_br,XZ,-0.19583853779889948
norm_mix1,knn,X,0.09684971882951621
norm_mix1,knn,XZ,0.0870247041224825
norm_mix1,mice_rf,X,-0.20821512838956518
norm_mix1,mice_rf,XZ,-0.2916853898653904
norm_mix1,mice_br,X,-0.01651983959914062
norm_mix1,mice_br,XZ,-0.00032369278325288913
norm_mix1,knn,X,0.3207575791601649
norm_mix1,knn,XZ,0.3213996745660348
norm_mix1,mice_rf,X,-0.16183690010406163
norm_mix1,mice_rf,XZ,-0.2131618524216742
norm_mix1,mice_br,X,0.013525780859154039
norm_mix1,mice_br,XZ,0.009653387013229011
norm_mix1,knn,X,0.280435970191266
norm_mix1,knn,XZ,0.2580800879459741
norm_mix1,mice_rf,X,-0.33828700635719317
norm_mix1,mice_rf,XZ,-0.4917266725784576
norm_mix1,mice_br,X,-0.18233490485177833
norm_mix1,mice_br,XZ,-0.3116724193512174
norm_mix1,knn,X,-0.0026145325934226775
norm_mix1,knn,XZ,-0.16697026547310373
norm_mix1,mice_rf,X,-0.17077138310484816
norm_mix1,mice_rf,XZ,-0.2697725347080766
norm_mix1,mice_br,X,-0.06652628139901066
norm_mix1,mice_br,XZ,-0.2141672875332182
norm_mix1,knn,X,0.20042438892747985
norm_mix1,knn,XZ,0.04813502434279071
norm_mix1,mice_rf,X,-0.35845515370444286
norm_mix1,mice_rf,XZ,-0.5123534066695649
norm_mix1,mice_br,X,-0.10175140019410116
norm_mix1,mice_br,XZ,-0.16743112613475633
norm_mix1,knn,X,0.09019802094466965
norm_mix1,knn,XZ,-0.030705830926936267
norm_mix1,mice_rf,X,-0.2549843126744285
norm_mix1,mice_rf,XZ,-0.3709901538642381
norm_mix1,mice_br,X,-0.008718068813774757
norm_mix1,mice_br,XZ,-0.0056810830863704455
norm_mix1,knn,X,0.2962792222527412
norm_mix1,knn,XZ,0.3701576360316545
norm_mix1,mice_rf,X,-0.14366074756294614
norm_mix1,mice_rf,XZ,-0.16729119882827037
norm_mix1,mice_br,X,-0.0008922129875599672
norm_mix1,mice_br,XZ,-0.020958994552692657
norm_mix1,knn,X,0.20171326549660717
norm_mix1,knn,XZ,0.17243553924170124
norm_mix1,mice_rf,X,-0.16111244060452642
norm_mix1,mice_rf,XZ,-0.20456228107288063
norm_mix1,mice_br,X,0.055653717475207046
norm_mix1,mice_br,XZ,0.07482152663911155
norm_mix1,knn,X,0.44055652421981967
norm_mix1,knn,XZ,0.5283748744205676
norm_mix1,mice_rf,X,-0.29764995347420414
norm_mix1,mice_rf,XZ,-0.3967166008291752
norm_mix1,mice_br,X,-0.19091833806063685
norm_mix1,mice_br,XZ,-0.3468841970779931
norm_mix1,knn,X,0.038008049333121026
norm_mix1,knn,XZ,-0.0866646213287924
norm_mix1,mice_rf,X,-0.31125048216236023
norm_mix1,mice_rf,XZ,-0.41044074488107796
norm_mix1,mice_br,X,-0.11141166534396571
norm_mix1,mice_br,XZ,-0.19945271019296584
norm_mix1,knn,X,0.12458966697096073
norm_mix1,knn,XZ,0.010380713458966375
norm_mix1,mice_rf,X,-0.19043167845645623
norm_mix1,mice_rf,XZ,-0.21569778808123802
norm_mix1,mice_br,X,-0.0634544855723778
norm_mix1,mice_br,XZ,-0.08950195270307684
norm_mix1,knn,X,0.21690279339859356
norm_mix1,knn,XZ,0.17318435763947015
norm_mix1,mice_rf,X,-0.16550464969255388
norm_mix1,mice_rf,XZ,-0.19779623129397408
norm_mix1,mice_br,X,0.01683831477011104
norm_mix1,mice_br,XZ,-0.040583250635025776
norm_mix1,knn,X,0.24892318719181597
norm_mix1,knn,XZ,0.16056122417493685
norm_mix1,mice_rf,X,-0.2568530201969599
norm_mix1,mice_rf,XZ,-0.35457921526574243
norm_mix1,mice_br,X,-0.09378229266345388
norm_mix1,mice_br,XZ,-0.1420357483113371
norm_mix1,knn,X,0.17570296322301038
norm_mix1,knn,XZ,0.14426666439509683
norm_mix1,mice_rf,X,-0.28278605295212866
norm_mix1,mice_rf,XZ,-0.41910827325023964
norm_mix1,mice_br,X,-0.065433107402273
norm_mix1,mice_br,XZ,-0.15076811205647994
norm_mix1,knn,X,0.21062946155040776
norm_mix1,knn,XZ,0.08144938148760913
norm_mix1,mice_rf,X,-0.2823906468313979
norm_mix1,mice_rf,XZ,-0.4536850070795703
norm_mix1,mice_br,X,-0.1459855314276405
norm_mix1,mice_br,XZ,-0.32850906951696707
norm_mix1,knn,X,0.03020320652706048
norm_mix1,knn,XZ,-0.2638086467605079
norm_mix1,mice_rf,X,-0.09798144388387363
norm_mix1,mice_rf,XZ,-0.09530336995499461
norm_mix1,mice_br,X,-0.02249085917044421
norm_mix1,mice_br,XZ,-0.044725685394763834
norm_mix1,knn,X,0.26244043738919387
norm_mix1,knn,XZ,0.23496106500264224
norm_mix1,mice_rf,X,-0.12158174029441945
norm_mix1,mice_rf,XZ,-0.0715339474660195
norm_mix1,mice_br,X,-0.04144907999845916
norm_mix1,mice_br,XZ,0.027573046428126597
norm_mix1,knn,X,0.29278930916974805
norm_mix1,knn,XZ,0.4030031276182207
norm_mix1,mice_rf,X,-0.08290480079192598
norm_mix1,mice_rf,XZ,-0.05971646130840929
norm_mix1,mice_br,X,0.07945101122843769
norm_mix1,mice_br,XZ,0.08737438609831015
norm_mix1,knn,X,0.30451944181981855
norm_mix1,knn,XZ,0.27437539151938883
norm_mix1,mice_rf,X,-0.3016367044716348
norm_mix1,mice_rf,XZ,-0.3574232921601319
norm_mix1,mice_br,X,-0.12022230845051887
norm_mix1,mice_br,XZ,-0.14148419349142224
norm_mix1,knn,X,0.0740668025022307
norm_mix1,knn,XZ,-0.016139166220354197
norm_mix1,mice_rf,X,-0.1068592235989882
norm_mix1,mice_rf,XZ,-0.09019292910277203
norm_mix1,mice_br,X,0.0958950702947801
norm_mix1,mice_br,XZ,0.1374179795814083
norm_mix1,knn,X,0.3549764727988733
norm_mix1,knn,XZ,0.4193161639258291
norm_mix1,mice_rf,X,-0.16328077102950536
norm_mix1,mice_rf,XZ,-0.2135753181478193
norm_mix1,mice_br,X,-0.02156088079912998
norm_mix1,mice_br,XZ,-0.06454290809482749
norm_mix1,knn,X,0.2632721681172108
norm_mix1,knn,XZ,0.1536542082134038
norm_mix1,mice_rf,X,-0.23988446806926003
norm_mix1,mice_rf,XZ,-0.2166856922349981
norm_mix1,mice_br,X,-0.1084287061776146
norm_mix1,mice_br,XZ,-0.07100030967566186
norm_mix1,knn,X,0.15470836248881087
norm_mix1,knn,XZ,0.2000809394827901
norm_mix1,mice_rf,X,-0.2418031042853318
norm_mix1,mice_rf,XZ,-0.24863615669675398
norm_mix1,mice_br,X,0.051485165852310374
norm_mix1,mice_br,XZ,0.1880244901675286
norm_mix1,knn,X,0.36600148961174794
norm_mix1,knn,XZ,0.5961852875221079
norm_mix1,mice_rf,X,-0.18761970671823103
norm_mix1,mice_rf,XZ,-0.2084796644007082
norm_mix1,mice_br,X,-0.041878398243893965
norm_mix1,mice_br,XZ,-0.0959518101389013
norm_mix1,knn,X,0.23342115860794765
norm_mix1,knn,XZ,0.15381298528470633
norm_mix1,mice_rf,X,-0.18872257903860123
norm_mix1,mice_rf,XZ,-0.15594711505060985
norm_mix1,mice_br,X,-0.06477261471479726
norm_mix1,mice_br,XZ,0.02374083827598572
norm_mix1,knn,X,0.29603088804873035
norm_mix1,knn,XZ,0.5371524537357938
norm_mix1,mice_rf,X,-0.10029396386531468
norm_mix1,mice_rf,XZ,-0.16701118770748652
norm_mix1,mice_br,X,0.05259644940251882
norm_mix1,mice_br,XZ,-0.014433217114309166
norm_mix1,knn,X,0.28210087688288543
norm_mix1,knn,XZ,0.2094180795999086
norm_mix1,mice_rf,X,-0.3525912495637292
norm_mix1,mice_rf,XZ,-0.44223597426662176
norm_mix1,mice_br,X,-0.20616644692856265
norm_mix1,mice_br,XZ,-0.3031864944592731
norm_mix1,knn,X,0.054416001861079116
norm_mix1,knn,XZ,-0.04693992964725664
norm_mix1,mice_rf,X,-0.0890905576347305
norm_mix1,mice_rf,XZ,-0.12719011036119707
norm_mix1,mice_br,X,0.003487947519750874
norm_mix1,mice_br,XZ,0.004541275632663138
norm_mix1,knn,X,0.3435266525747156
norm_mix1,knn,XZ,0.34498930316819
norm_mix1,mice_rf,X,-0.17552359686093977
norm_mix1,mice_rf,XZ,-0.16306357182287345
norm_mix1,mice_br,X,0.07276432320372993
norm_mix1,mice_br,XZ,0.12427250035788374
norm_mix1,knn,X,0.3626059595930725
norm_mix1,knn,XZ,0.44893669606701336
norm_mix1,mice_rf,X,-0.19263955902005434
norm_mix1,mice_rf,XZ,-0.1651866161719608
norm_mix1,mice_br,X,-0.0650563604823668
norm_mix1,mice_br,XZ,-0.04188400884034937
norm_mix1,knn,X,0.15091778435879039
norm_mix1,knn,XZ,0.12762563781336053
norm_mix1,mice_rf,X,-0.21205864576501812
norm_mix1,mice_rf,XZ,-0.19002956772293855
norm_mix1,mice_br,X,-0.06306888859774068
norm_mix1,mice_br,XZ,-0.049080059697565445
norm_mix1,knn,X,0.2543678619897515
norm_mix1,knn,XZ,0.30228969643451487
norm_mix1,mice_rf,X,-0.19191192186937203
norm_mix1,mice_rf,XZ,-0.19551549855138395
norm_mix1,mice_br,X,0.021558324921401043
norm_mix1,mice_br,XZ,0.053189509866668046
norm_mix1,knn,X,0.26494962734182337
norm_mix1,knn,XZ,0.321769145837946
norm_mix1,mice_rf,X,-0.3018886067232367
norm_mix1,mice_rf,XZ,-0.3291547677923068
norm_mix1,mice_br,X,-0.06525436334325124
norm_mix1,mice_br,XZ,-0.07211440199630614
norm_mix1,knn,X,0.21643807037618393
norm_mix1,knn,XZ,0.21766133798481282
norm_mix1,mice_rf,X,-0.3016135158655303
norm_mix1,mice_rf,XZ,-0.3319789859140271
norm_mix1,mice_br,X,-0.04173876921471283
norm_mix1,mice_br,XZ,-0.019401876553069772
norm_mix1,knn,X,0.12709271846610096
norm_mix1,knn,XZ,0.12680721566441971
norm_mix1,mice_rf,X,-0.13865063429596644
norm_mix1,mice_rf,XZ,-0.13361057728926126
norm_mix1,mice_br,X,0.0819920336708493
norm_mix1,mice_br,XZ,0.11596175750688308
norm_mix1,knn,X,0.27576896995419614
norm_mix1,knn,XZ,0.3196627322325974
norm_mix1,mice_rf,X,-0.1735359288195803
norm_mix1,mice_rf,XZ,-0.1471278461589541
norm_mix1,mice_br,X,0.0006005729161563929
norm_mix1,mice_br,XZ,0.04087687604413822
norm_mix1,knn,X,0.3335731755093392
norm_mix1,knn,XZ,0.4351075154597183
norm_mix1,mice_rf,X,-0.11798541245664691
norm_mix1,mice_rf,XZ,-0.18361110874770717
norm_mix1,mice_br,X,0.15019974684383647
norm_mix1,mice_br,XZ,0.25679257561938923
norm_mix1,knn,X,0.4417330678831502
norm_mix1,knn,XZ,0.6342701771919583
norm_mix1,mice_rf,X,-0.16172308477463937
norm_mix1,mice_rf,XZ,-0.17406627254456264
norm_mix1,mice_br,X,0.10562620552352488
norm_mix1,mice_br,XZ,0.14762550506790129
norm_mix1,knn,X,0.4022573198728016
norm_mix1,knn,XZ,0.4295383279020693
norm_mix1,mice_rf,X,-0.23835170816282214
norm_mix1,mice_rf,XZ,-0.2724475750796884
norm_mix1,mice_br,X,-0.05244544151699872
norm_mix1,mice_br,XZ,-0.0822775906821679
norm_mix1,knn,X,0.2116393961629994
norm_mix1,knn,XZ,0.21246563832819013
norm_mix1,mice_rf,X,-0.21810845797177777
norm_mix1,mice_rf,XZ,-0.2607718549119731
norm_mix1,mice_br,X,-0.07645805635193909
norm_mix1,mice_br,XZ,-0.13352959831808248
norm_mix1,knn,X,0.32544944538756454
norm_mix1,knn,XZ,0.403627666180135
norm_mix1,mice_rf,X,-0.17154351850705682
norm_mix1,mice_rf,XZ,-0.10433077504917752
norm_mix1,mice_br,X,-0.02289519424958891
norm_mix1,mice_br,XZ,0.03158177577066606
norm_mix1,knn,X,0.2137881816569486
norm_mix1,knn,XZ,0.27486561986539687
norm_mix1,mice_rf,X,-0.20522244290488098
norm_mix1,mice_rf,XZ,-0.17482921777910737
norm_mix1,mice_br,X,0.0009172816063386987
norm_mix1,mice_br,XZ,0.03584407088479367
norm_mix1,knn,X,0.2987713600461281
norm_mix1,knn,XZ,0.34518022930270387
norm_mix1,mice_rf,X,-0.2583006865551703
norm_mix1,mice_rf,XZ,-0.3316568769859731
norm_mix1,mice_br,X,0.0480035120636838
norm_mix1,mice_br,XZ,-0.03118421494636889
norm_mix1,knn,X,0.43010763126368234
norm_mix1,knn,XZ,0.34813116669067706
norm_mix1,mice_rf,X,-0.2500880985930665
norm_mix1,mice_rf,XZ,-0.33337160118937004
norm_mix1,mice_br,X,0.023731652491933625
norm_mix1,mice_br,XZ,0.04441124037009147
norm_mix1,knn,X,0.3222036703389512
norm_mix1,knn,XZ,0.3981626208359226
norm_mix1,mice_rf,X,-0.04317492365232921
norm_mix1,mice_rf,XZ,-0.039015073405235134
norm_mix1,mice_br,X,0.07693648750624518
norm_mix1,mice_br,XZ,0.08865579267692923
norm_mix1,knn,X,0.37368313583358664
norm_mix1,knn,XZ,0.3927964263818755
norm_mix1,mice_rf,X,-0.1925644250771185
norm_mix1,mice_rf,XZ,-0.25841533885687
norm_mix1,mice_br,X,-0.004005345277887071
norm_mix1,mice_br,XZ,-0.031146808004979473
norm_mix1,knn,X,0.16637593537070838
norm_mix1,knn,XZ,0.1309621827435671
norm_mix1,mice_rf,X,-0.1697984781009807
norm_mix1,mice_rf,XZ,-0.2459520573003886
norm_mix1,mice_br,X,-0.1086692194479189
norm_mix1,mice_br,XZ,-0.1429455002868124
norm_mix1,knn,X,0.09189822681788624
norm_mix1,knn,XZ,-0.04479152695188846
norm_mix1,mice_rf,X,-0.2045410057602598
norm_mix1,mice_rf,XZ,-0.27671204397062915
norm_mix1,mice_br,X,-0.09682067532627128
norm_mix1,mice_br,XZ,-0.14991186879708612
norm_mix1,knn,X,0.172689133291494
norm_mix1,knn,XZ,0.14719146436660005
norm_mix1,mice_rf,X,-0.1795309853275032
norm_mix1,mice_rf,XZ,-0.22883204738393748
norm_mix1,mice_br,X,-0.12054597216889558
norm_mix1,mice_br,XZ,-0.2714308770791867
norm_mix1,knn,X,0.2165030712781456
norm_mix1,knn,XZ,0.05187795393804908
norm_mix1,mice_rf,X,-0.19567256236995878
norm_mix1,mice_rf,XZ,-0.22909538259391152
norm_mix1,mice_br,X,-0.005277931631055168
norm_mix1,mice_br,XZ,-0.009671548962864276
norm_mix1,knn,X,0.30161932176001593
norm_mix1,knn,XZ,0.31032155248108995
norm_mix1,mice_rf,X,-0.029440424586723392
norm_mix1,mice_rf,XZ,0.07884625650422801
norm_mix1,mice_br,X,0.16801994465918368
norm_mix1,mice_br,XZ,0.3143314639713618
norm_mix1,knn,X,0.47004179102288374
norm_mix1,knn,XZ,0.6025276246004587
norm_mix1,mice_rf,X,-0.10490794331474493
norm_mix1,mice_rf,XZ,-0.08014012321044646
norm_mix1,mice_br,X,-0.06076811183063094
norm_mix1,mice_br,XZ,-0.049503852156597694
norm_mix1,knn,X,0.27385796151464986
norm_mix1,knn,XZ,0.33495375903952057
norm_mix1,mice_rf,X,-0.06923552278186738
norm_mix1,mice_rf,XZ,-0.08434650950262197
norm_mix1,mice_br,X,0.11115992269982423
norm_mix1,mice_br,XZ,0.14321739930043367
norm_mix1,knn,X,0.3977919501327273
norm_mix1,knn,XZ,0.4330811333260037
norm_mix1,mice_rf,X,-0.09059897183754147
norm_mix1,mice_rf,XZ,-0.1342590876090819
norm_mix1,mice_br,X,0.14485782137015266
norm_mix1,mice_br,XZ,0.16719586509133416
norm_mix1,knn,X,0.39741291769910386
norm_mix1,knn,XZ,0.4326800768086485
norm_mix1,mice_rf,X,-0.2771040104067988
norm_mix1,mice_rf,XZ,-0.30138725172944925
norm_mix1,mice_br,X,-0.08713277071286364
norm_mix1,mice_br,XZ,-0.09652874818156747
norm_mix1,knn,X,0.07913216377252887
norm_mix1,knn,XZ,0.013260217787523522
norm_mix1,mice_rf,X,-0.24464345019498768
norm_mix1,mice_rf,XZ,-0.2874391345360916
norm_mix1,mice_br,X,-0.03885479615079869
norm_mix1,mice_br,XZ,-0.003870125559735328
norm_mix1,knn,X,0.1791539119509215
norm_mix1,knn,XZ,0.24241815261781946
norm_mix1,mice_rf,X,-0.2470326530175082
norm_mix1,mice_rf,XZ,-0.36749258557313863
norm_mix1,mice_br,X,-0.03881145572134507
norm_mix1,mice_br,XZ,-0.08457846844953164
norm_mix1,knn,X,0.1586397487778607
norm_mix1,knn,XZ,0.0689886687078933
norm_mix1,mice_rf,X,-0.0874039987601188
norm_mix1,mice_rf,XZ,-0.07196785108220366
norm_mix1,mice_br,X,0.07278322681651912
norm_mix1,mice_br,XZ,0.11083102229625
norm_mix1,knn,X,0.34608165366756116
norm_mix1,knn,XZ,0.4342282904462015
norm_mix1,mice_rf,X,-0.35183100365929065
norm_mix1,mice_rf,XZ,-0.3980504057480318
norm_mix1,mice_br,X,-0.09789551920040193
norm_mix1,mice_br,XZ,-0.09859001362776998
norm_mix1,knn,X,0.19392678101599667
norm_mix1,knn,XZ,0.2257144544022511
norm_mix1,mice_rf,X,-0.2103585377655576
norm_mix1,mice_rf,XZ,-0.17300109563881705
norm_mix1,mice_br,X,0.02724914580789263
norm_mix1,mice_br,XZ,0.13758707546689566
norm_mix1,knn,X,0.29664510030961
norm_mix1,knn,XZ,0.449486080125272
norm_mix1,mice_rf,X,-0.3387485779265523
norm_mix1,mice_rf,XZ,-0.49330223706446613
norm_mix1,mice_br,X,-0.154514661592946
norm_mix1,mice_br,XZ,-0.27878966625669444
norm_mix1,knn,X,0.09453768718398213
norm_mix1,knn,XZ,-0.08805998009423881
norm_mix1,mice_rf,X,-0.3082344020919875
norm_mix1,mice_rf,XZ,-0.38189366239741823
norm_mix1,mice_br,X,-0.11693914905524427
norm_mix1,mice_br,XZ,-0.15013546130665423
norm_mix1,knn,X,0.17967071262920306
norm_mix1,knn,XZ,0.13763941079387407
norm_mix1,mice_rf,X,-0.12162781606100243
norm_mix1,mice_rf,XZ,-0.08754487541833991
norm_mix1,mice_br,X,0.007576293593045661
norm_mix1,mice_br,XZ,0.05679903201843642
norm_mix1,knn,X,0.2975644154049288
norm_mix1,knn,XZ,0.35971590608857806
norm_mix1,mice_rf,X,-0.33285681413354773
norm_mix1,mice_rf,XZ,-0.440716344543462
norm_mix1,mice_br,X,-0.12350678890922612
norm_mix1,mice_br,XZ,-0.2002675383646781
norm_mix1,knn,X,0.08729031104275259
norm_mix1,knn,XZ,-0.019512788539392378
norm_mix1,mice_rf,X,-0.24487300776104165
norm_mix1,mice_rf,XZ,-0.31386475039628
norm_mix1,mice_br,X,-0.07343634029527285
norm_mix1,mice_br,XZ,-0.13419560931778632
norm_mix1,knn,X,0.20862766976804567
norm_mix1,knn,XZ,0.13748923211310904
norm_mix1,mice_rf,X,-0.1826646583332393
norm_mix1,mice_rf,XZ,-0.18366670869350435
norm_mix1,mice_br,X,0.007436359865147462
norm_mix1,mice_br,XZ,0.09362974582636975
norm_mix1,knn,X,0.22384633031240408
norm_mix1,knn,XZ,0.2525495439731544
norm_mix1,mice_rf,X,-0.1663827328474481
norm_mix1,mice_rf,XZ,-0.130252157049748
norm_mix1,mice_br,X,-0.07444989538791295
norm_mix1,mice_br,XZ,-0.08347403908673467
norm_mix1,knn,X,0.21001580076760917
norm_mix1,knn,XZ,0.20774979165339275
norm_mix1,mice_rf,X,-0.3459867145319355
norm_mix1,mice_rf,XZ,-0.403174909532918
norm_mix1,mice_br,X,-0.14521497350522145
norm_mix1,mice_br,XZ,-0.22103210769934858
norm_mix1,knn,X,0.0827428294020169
norm_mix1,knn,XZ,-0.013661636031771009
norm_mix1,mice_rf,X,-0.27318382404323416
norm_mix1,mice_rf,XZ,-0.31176832454650255
norm_mix1,mice_br,X,-0.02784117690512066
norm_mix1,mice_br,XZ,0.013238884714566218
norm_mix1,knn,X,0.1954336086189252
norm_mix1,knn,XZ,0.21936706569842782
norm_mix1,mice_rf,X,-0.12180785267469563
norm_mix1,mice_rf,XZ,-0.14656802597466956
norm_mix1,mice_br,X,0.024942019192990647
norm_mix1,mice_br,XZ,-0.0008426184011931307
norm_mix1,knn,X,0.23973605491821437
norm_mix1,knn,XZ,0.19996340350703645
norm_mix1,mice_rf,X,-0.2185731980181514
norm_mix1,mice_rf,XZ,-0.2476931189158493
norm_mix1,mice_br,X,-0.014441458404911314
norm_mix1,mice_br,XZ,-0.026187406679860956
norm_mix1,knn,X,0.2602289527902657
norm_mix1,knn,XZ,0.272241919985876
norm_mix1,mice_rf,X,-0.06305554420725193
norm_mix1,mice_rf,XZ,-0.1400488816698536
norm_mix1,mice_br,X,0.12117760479322458
norm_mix1,mice_br,XZ,0.0810818918125458
norm_mix1,knn,X,0.41423021191843135
norm_mix1,knn,XZ,0.38937371939454896
norm_mix1,mice_rf,X,-0.19274841468229148
norm_mix1,mice_rf,XZ,-0.2693118317304659
norm_mix1,mice_br,X,0.040742393483634114
norm_mix1,mice_br,XZ,-0.00443140584650818
norm_mix1,knn,X,0.3744437152342837
norm_mix1,knn,XZ,0.3441378632095605
norm_mix1,mice_rf,X,-0.25761116006562984
norm_mix1,mice_rf,XZ,-0.33588166282425275
norm_mix1,mice_br,X,-0.06406682660804684
norm_mix1,mice_br,XZ,-0.1096201481534688
norm_mix1,knn,X,0.15423687336073885
norm_mix1,knn,XZ,0.16471203188062797
norm_mix1,mice_rf,X,-0.20559184112601006
norm_mix1,mice_rf,XZ,-0.23381473878454898
norm_mix1,mice_br,X,0.038737317954093034
norm_mix1,mice_br,XZ,0.05912136812883883
norm_mix1,knn,X,0.30950281486883413
norm_mix1,knn,XZ,0.3665828995145594
norm_mix2,mice_rf,X,-0.26988464181585176
norm_mix2,mice_rf,XZ,-0.3731530525204099
norm_mix2,mice_br,X,0.054904644374815015
norm_mix2,mice_br,XZ,0.20379556542642324
norm_mix2,knn,X,0.33151867318939576
norm_mix2,knn,XZ,0.4778468999241354
norm_mix2,mice_rf,X,-0.4553679512395911
norm_mix2,mice_rf,XZ,-0.6373551991005053
norm_mix2,mice_br,X,-0.11141831510317408
norm_mix2,mice_br,XZ,-0.21715306571563625
norm_mix2,knn,X,0.03326793264165215
norm_mix2,knn,XZ,-0.19632068309918685
norm_mix2,mice_rf,X,-0.22617801777494737
norm_mix2,mice_rf,XZ,-0.2750321978911751
norm_mix2,mice_br,X,-0.033285703196821864
norm_mix2,mice_br,XZ,-0.04190965260400491
norm_mix2,knn,X,0.2352069374722131
norm_mix2,knn,XZ,0.24286316053504328
norm_mix2,mice_rf,X,-0.2716703962602261
norm_mix2,mice_rf,XZ,-0.285242281002871
norm_mix2,mice_br,X,-0.03469775885452254
norm_mix2,mice_br,XZ,0.004555329317983967
norm_mix2,knn,X,0.29947871814405225
norm_mix2,knn,XZ,0.3917973425556252
norm_mix2,mice_rf,X,-0.3261104498970298
norm_mix2,mice_rf,XZ,-0.3469052411927591
norm_mix2,mice_br,X,-0.14214148206009006
norm_mix2,mice_br,XZ,-0.11565425196188223
norm_mix2,knn,X,0.11423564575545199
norm_mix2,knn,XZ,0.13333268061597034
norm_mix2,mice_rf,X,-0.22085082460748845
norm_mix2,mice_rf,XZ,-0.21409556705030683
norm_mix2,mice_br,X,-0.019385331739131602
norm_mix2,mice_br,XZ,0.0217842970550723
norm_mix2,knn,X,0.2773279136224922
norm_mix2,knn,XZ,0.3264859065012772
norm_mix2,mice_rf,X,-0.3137237033902974
norm_mix2,mice_rf,XZ,-0.3874819445620121
norm_mix2,mice_br,X,-0.06572637444098761
norm_mix2,mice_br,XZ,-0.11886344932690808
norm_mix2,knn,X,0.24336602851952047
norm_mix2,knn,XZ,0.24304777245471396
norm_mix2,mice_rf,X,-0.2019156939717113
norm_mix2,mice_rf,XZ,-0.23728761651586913
norm_mix2,mice_br,X,-0.002767787149191871
norm_mix2,mice_br,XZ,0.012641342442271719
norm_mix2,knn,X,0.37078597329983504
norm_mix2,knn,XZ,0.4242487253498836
norm_mix2,mice_rf,X,-0.3258712214094806
norm_mix2,mice_rf,XZ,-0.43285227016931066
norm_mix2,mice_br,X,-0.05972822367711752
norm_mix2,mice_br,XZ,-0.11345515284584544
norm_mix2,knn,X,0.29660700821937264
norm_mix2,knn,XZ,0.2808472301323079
norm_mix2,mice_rf,X,-0.2665931880399104
norm_mix2,mice_rf,XZ,-0.3566003540808161
norm_mix2,mice_br,X,-0.052412958792737364
norm_mix2,mice_br,XZ,-0.09709203654615017
norm_mix2,knn,X,0.20493385410007423
norm_mix2,knn,XZ,0.131714126429957
norm_mix2,mice_rf,X,-0.21963746203829626
norm_mix2,mice_rf,XZ,-0.31922508772061575
norm_mix2,mice_br,X,-0.061931574628263715
norm_mix2,mice_br,XZ,-0.08963467513200594
norm_mix2,knn,X,0.19109226726989637
norm_mix2,knn,XZ,0.10512367880960123
norm_mix2,mice_rf,X,-0.26095556139587817
norm_mix2,mice_rf,XZ,-0.47239987842071823
norm_mix2,mice_br,X,-0.12495034851358076
norm_mix2,mice_br,XZ,-0.1938022649663805
norm_mix2,knn,X,0.10817559029992439
norm_mix2,knn,XZ,-0.07709956711740053
norm_mix2,mice_rf,X,-0.4796447195285492
norm_mix2,mice_rf,XZ,-0.6823914186202851
norm_mix2,mice_br,X,-0.09292216627574931
norm_mix2,mice_br,XZ,-0.15840417537439147
norm_mix2,knn,X,0.2107184778001708
norm_mix2,knn,XZ,0.1574714324375344
norm_mix2,mice_rf,X,-0.18747415970706188
norm_mix2,mice_rf,XZ,-0.19601305837961241
norm_mix2,mice_br,X,0.016370667495782004
norm_mix2,mice_br,XZ,0.10894992035437885
norm_mix2,knn,X,0.2635079830013426
norm_mix2,knn,XZ,0.3409333027651973
norm_mix2,mice_rf,X,-0.31288812479875694
norm_mix2,mice_rf,XZ,-0.49684118751797496
norm_mix2,mice_br,X,-0.11588706242335449
norm_mix2,mice_br,XZ,-0.2603970461388443
norm_mix2,knn,X,0.22597568241738655
norm_mix2,knn,XZ,0.09169527836765236
norm_mix2,mice_rf,X,-0.3127490908658907
norm_mix2,mice_rf,XZ,-0.4579093685668121
norm_mix2,mice_br,X,-0.027402975500629735
norm_mix2,mice_br,XZ,-0.09025049543362718
norm_mix2,knn,X,0.40391922368968775
norm_mix2,knn,XZ,0.3915908140323399
norm_mix2,mice_rf,X,-0.19769377091130239
norm_mix2,mice_rf,XZ,-0.23626987320957366
norm_mix2,mice_br,X,0.011588322905687882
norm_mix2,mice_br,XZ,-0.027791757033407583
norm_mix2,knn,X,0.2723824729423695
norm_mix2,knn,XZ,0.29760553330606904
norm_mix2,mice_rf,X,-0.2005908186270981
norm_mix2,mice_rf,XZ,-0.17551588745364285
norm_mix2,mice_br,X,-0.055285601877437765
norm_mix2,mice_br,XZ,-0.0424198126523094
norm_mix2,knn,X,0.23717083314903714
norm_mix2,knn,XZ,0.24850390597607913
norm_mix2,mice_rf,X,-0.2020708522716175
norm_mix2,mice_rf,XZ,-0.29323225720898927
norm_mix2,mice_br,X,-0.07284064511589629
norm_mix2,mice_br,XZ,-0.1815919498704116
norm_mix2,knn,X,0.315721385323692
norm_mix2,knn,XZ,0.2287946878792847
norm_mix2,mice_rf,X,-0.21998282139319666
norm_mix2,mice_rf,XZ,-0.2730079183462801
norm_mix2,mice_br,X,-0.07789949694413309
norm_mix2,mice_br,XZ,-0.1266462127095727
norm_mix2,knn,X,0.1626846228631616
norm_mix2,knn,XZ,0.08985517315167257
norm_mix2,mice_rf,X,-0.13628076780316659
norm_mix2,mice_rf,XZ,-0.1841812638769412
norm_mix2,mice_br,X,0.19020117719276586
norm_mix2,mice_br,XZ,0.30592596417544854
norm_mix2,knn,X,0.6271394604520459
norm_mix2,knn,XZ,0.8303389928743813
norm_mix2,mice_rf,X,-0.17975521990936505
norm_mix2,mice_rf,XZ,-0.20580684560036028
norm_mix2,mice_br,X,0.02222014048731317
norm_mix2,mice_br,XZ,0.06470622343760189
norm_mix2,knn,X,0.4231547361503821
norm_mix2,knn,XZ,0.47850108934714675
norm_mix2,mice_rf,X,-0.3362190194208021
norm_mix2,mice_rf,XZ,-0.40462181868401553
norm_mix2,mice_br,X,-0.07728182094817834
norm_mix2,mice_br,XZ,-0.16183147081368982
norm_mix2,knn,X,0.34076494464202756
norm_mix2,knn,XZ,0.29269838795543296
norm_mix2,mice_rf,X,-0.18956159365476144
norm_mix2,mice_rf,XZ,-0.2448985256391291
norm_mix2,mice_br,X,0.03806618553248599
norm_mix2,mice_br,XZ,0.0007207740550740614
norm_mix2,knn,X,0.4495670366093679
norm_mix2,knn,XZ,0.4839538278244262
norm_mix2,mice_rf,X,-0.32289796365387374
norm_mix2,mice_rf,XZ,-0.408788591845057
norm_mix2,mice_br,X,-0.06362611296529296
norm_mix2,mice_br,XZ,-0.016915592079447865
norm_mix2,knn,X,0.22590180860133996
norm_mix2,knn,XZ,0.2452831116288393
norm_mix2,mice_rf,X,-0.44987204214396365
norm_mix2,mice_rf,XZ,-0.6617935385399702
norm_mix2,mice_br,X,-0.10168966988351139
norm_mix2,mice_br,XZ,-0.16731488026309585
norm_mix2,knn,X,0.2702290772310249
norm_mix2,knn,XZ,0.16840622858906953
norm_mix2,mice_rf,X,-0.25921587558171305
norm_mix2,mice_rf,XZ,-0.26482509131546234
norm_mix2,mice_br,X,-0.11604236750012654
norm_mix2,mice_br,XZ,-0.13754233578101993
norm_mix2,knn,X,0.16408620038827143
norm_mix2,knn,XZ,0.18655371006783514
norm_mix2,mice_rf,X,-0.2214726630895813
norm_mix2,mice_rf,XZ,-0.31751021967238796
norm_mix2,mice_br,X,-0.050563903459723704
norm_mix2,mice_br,XZ,-0.07809406205024842
norm_mix2,knn,X,0.27269868578115153
norm_mix2,knn,XZ,0.274755840773336
norm_mix2,mice_rf,X,-0.2655447536722722
norm_mix2,mice_rf,XZ,-0.34341483778726156
norm_mix2,mice_br,X,-0.027390312831694477
norm_mix2,mice_br,XZ,-0.04711557527326516
norm_mix2,knn,X,0.22172625983096905
norm_mix2,knn,XZ,0.18027490501342475
norm_mix2,mice_rf,X,-0.19411145540166505
norm_mix2,mice_rf,XZ,-0.16083540164204652
norm_mix2,mice_br,X,0.0048097193558042095
norm_mix2,mice_br,XZ,0.028150623090895215
norm_mix2,knn,X,0.2849757600892568
norm_mix2,knn,XZ,0.3098366443599261
norm_mix2,mice_rf,X,-0.32474885285622357
norm_mix2,mice_rf,XZ,-0.3670281297447788
norm_mix2,mice_br,X,-0.06565465476911524
norm_mix2,mice_br,XZ,-0.04357048416529436
norm_mix2,knn,X,0.2584124803477428
norm_mix2,knn,XZ,0.30843095158119743
norm_mix2,mice_rf,X,-0.39236499316807216
norm_mix2,mice_rf,XZ,-0.529633437719033
norm_mix2,mice_br,X,-0.1847554735039747
norm_mix2,mice_br,XZ,-0.23828699003739923
norm_mix2,knn,X,0.15760523770958812
norm_mix2,knn,XZ,0.15259957841599994
norm_mix2,mice_rf,X,-0.4557465483804379
norm_mix2,mice_rf,XZ,-0.6451494971461502
norm_mix2,mice_br,X,-0.09731326243872306
norm_mix2,mice_br,XZ,-0.18475456655488987
norm_mix2,knn,X,0.2681612860420578
norm_mix2,knn,XZ,0.26463088454069045
norm_mix2,mice_rf,X,-0.3002114850568058
norm_mix2,mice_rf,XZ,-0.36508484891934007
norm_mix2,mice_br,X,-0.024136095042059564
norm_mix2,mice_br,XZ,-0.02897268731919596
norm_mix2,knn,X,0.35548421056295515
norm_mix2,knn,XZ,0.4227769226749558
norm_mix2,mice_rf,X,-0.12224197783481673
norm_mix2,mice_rf,XZ,-0.18256973965549048
norm_mix2,mice_br,X,-0.014577856251066244
norm_mix2,mice_br,XZ,-0.01905042517575392
norm_mix2,knn,X,0.3237572984232274
norm_mix2,knn,XZ,0.4027787160109148
norm_mix2,mice_rf,X,-0.18886022559131904
norm_mix2,mice_rf,XZ,-0.2625243675885601
norm_mix2,mice_br,X,-0.076969130861667
norm_mix2,mice_br,XZ,-0.11697654989156407
norm_mix2,knn,X,0.0974482131063444
norm_mix2,knn,XZ,-0.019465967129220815
norm_mix2,mice_rf,X,-0.20428565198827184
norm_mix2,mice_rf,XZ,-0.18282521710241872
norm_mix2,mice_br,X,-0.0503011385940835
norm_mix2,mice_br,XZ,0.006893774585847024
norm_mix2,knn,X,0.26210192302676855
norm_mix2,knn,XZ,0.33410093886894626
norm_mix2,mice_rf,X,-0.2894271461496953
norm_mix2,mice_rf,XZ,-0.4194594523582414
norm_mix2,mice_br,X,-0.15007654133344084
norm_mix2,mice_br,XZ,-0.264281776829852
norm_mix2,knn,X,0.1913993025159402
norm_mix2,knn,XZ,0.117565970294402
norm_mix2,mice_rf,X,-0.43262568500885334
norm_mix2,mice_rf,XZ,-0.5899868105448421
norm_mix2,mice_br,X,-0.17582551908229763
norm_mix2,mice_br,XZ,-0.2930078952919061
norm_mix2,knn,X,0.15699046075062084
norm_mix2,knn,XZ,0.01608482987234626
norm_mix2,mice_rf,X,-0.35447322240493334
norm_mix2,mice_rf,XZ,-0.3946647925985739
norm_mix2,mice_br,X,-0.11117460978677371
norm_mix2,mice_br,XZ,-0.09553740439029659
norm_mix2,knn,X,0.2730927777057032
norm_mix2,knn,XZ,0.34540916890537726
norm_mix2,mice_rf,X,-0.25654052794840015
norm_mix2,mice_rf,XZ,-0.287431795249717
norm_mix2,mice_br,X,-0.03163328595707295
norm_mix2,mice_br,XZ,-0.03806781507253338
norm_mix2,knn,X,0.33683512290120027
norm_mix2,knn,XZ,0.3625770558277534
norm_mix2,mice_rf,X,-0.24527700605848995
norm_mix2,mice_rf,XZ,-0.2975363351013791
norm_mix2,mice_br,X,-0.04476594365404763
norm_mix2,mice_br,XZ,-0.022058318374223288
norm_mix2,knn,X,0.2147392277184468
norm_mix2,knn,XZ,0.22428568874357824
norm_mix2,mice_rf,X,-0.15766724141945704
norm_mix2,mice_rf,XZ,-0.22806412010452937
norm_mix2,mice_br,X,-0.0010535002629017277
norm_mix2,mice_br,XZ,-0.11148518794021195
norm_mix2,knn,X,0.3238467114809217
norm_mix2,knn,XZ,0.2123520876097036
norm_mix2,mice_rf,X,-0.29480471758725074
norm_mix2,mice_rf,XZ,-0.35296061226226816
norm_mix2,mice_br,X,-0.10450568652659306
norm_mix2,mice_br,XZ,-0.1386748491620449
norm_mix2,knn,X,0.2254972848722124
norm_mix2,knn,XZ,0.2671069120842407
norm_mix2,mice_rf,X,-0.25505675239270587
norm_mix2,mice_rf,XZ,-0.4381900428425939
norm_mix2,mice_br,X,-0.054327643147558585
norm_mix2,mice_br,XZ,-0.17879458655987976
norm_mix2,knn,X,0.20279100377560352
norm_mix2,knn,XZ,0.062396659450942055
norm_mix2,mice_rf,X,-0.37637639059952666
norm_mix2,mice_rf,XZ,-0.5002392453602741
norm_mix2,mice_br,X,-0.025730325034734276
norm_mix2,mice_br,XZ,-0.0679686017282682
norm_mix2,knn,X,0.3502354271723169
norm_mix2,knn,XZ,0.311169654754707
norm_mix2,mice_rf,X,-0.20432273716667423
norm_mix2,mice_rf,XZ,-0.2529276999627746
norm_mix2,mice_br,X,-0.03046397849139443
norm_mix2,mice_br,XZ,-0.06446815117727453
norm_mix2,knn,X,0.25588818724235374
norm_mix2,knn,XZ,0.22827959905027823
norm_mix2,mice_rf,X,-0.3092984086250098
norm_mix2,mice_rf,XZ,-0.4323283249715154
norm_mix2,mice_br,X,-0.19411469543241194
norm_mix2,mice_br,XZ,-0.28221320880232154
norm_mix2,knn,X,0.1356602368802379
norm_mix2,knn,XZ,0.09826843835794422
norm_mix2,mice_rf,X,-0.12334172633468451
norm_mix2,mice_rf,XZ,-0.13877177507116104
norm_mix2,mice_br,X,-0.059560917583212
norm_mix2,mice_br,XZ,-0.08918966982569863
norm_mix2,knn,X,0.19360852360618522
norm_mix2,knn,XZ,0.22445160888286012
norm_mix2,mice_rf,X,-0.2722900392825129
norm_mix2,mice_rf,XZ,-0.2728903403830107
norm_mix2,mice_br,X,-0.14929961839849265
norm_mix2,mice_br,XZ,-0.16400674523439202
norm_mix2,knn,X,0.09447881757515535
norm_mix2,knn,XZ,0.04417127860318212
norm_mix2,mice_rf,X,-0.2252141570437324
norm_mix2,mice_rf,XZ,-0.34446529455879793
norm_mix2,mice_br,X,0.014922798215641925
norm_mix2,mice_br,XZ,-0.019496368985174994
norm_mix2,knn,X,0.37314594045092464
norm_mix2,knn,XZ,0.4131599821498657
norm_mix2,mice_rf,X,-0.17089486176057814
norm_mix2,mice_rf,XZ,-0.16059364772897955
norm_mix2,mice_br,X,0.07365392082998376
norm_mix2,mice_br,XZ,0.09115657008297631
norm_mix2,knn,X,0.4382378248882131
norm_mix2,knn,XZ,0.4856958860793966
norm_mix2,mice_rf,X,-0.20586402309988341
norm_mix2,mice_rf,XZ,-0.2360549560791333
norm_mix2,mice_br,X,0.027678014670315738
norm_mix2,mice_br,XZ,0.0622795351324555
norm_mix2,knn,X,0.2606295218960926
norm_mix2,knn,XZ,0.3346654350971107
norm_mix2,mice_rf,X,-0.3415792123639066
norm_mix2,mice_rf,XZ,-0.39877188823134324
norm_mix2,mice_br,X,-0.03046306806253398
norm_mix2,mice_br,XZ,0.009453861908682817
norm_mix2,knn,X,0.4804696779136325
norm_mix2,knn,XZ,0.6650941605853784
norm_mix2,mice_rf,X,-0.1958004471849673
norm_mix2,mice_rf,XZ,-0.2327091526346468
norm_mix2,mice_br,X,-0.1717439968915894
norm_mix2,mice_br,XZ,-0.28436359817726325
norm_mix2,knn,X,0.15412390684253072
norm_mix2,knn,XZ,0.07436373354303555
norm_mix2,mice_rf,X,-0.30273239837447646
norm_mix2,mice_rf,XZ,-0.434792953827637
norm_mix2,mice_br,X,-0.13963629285815618
norm_mix2,mice_br,XZ,-0.25311674477950835
norm_mix2,knn,X,0.17193322181545762
norm_mix2,knn,XZ,0.10076060524067965
norm_mix2,mice_rf,X,-0.2636006592326871
norm_mix2,mice_rf,XZ,-0.26004352097562516
norm_mix2,mice_br,X,-0.05586388494625581
norm_mix2,mice_br,XZ,-0.008062829505531654
norm_mix2,knn,X,0.25698293811312434
norm_mix2,knn,XZ,0.3304558856800828
norm_mix2,mice_rf,X,-0.1817929179324952
norm_mix2,mice_rf,XZ,-0.18476926337082158
norm_mix2,mice_br,X,0.02833299937329049
norm_mix2,mice_br,XZ,0.0626373093747162
norm_mix2,knn,X,0.3837214299248764
norm_mix2,knn,XZ,0.44438550339551597
norm_mix2,mice_rf,X,-0.19095590775085447
norm_mix2,mice_rf,XZ,-0.2588696795655148
norm_mix2,mice_br,X,-0.009167001309318579
norm_mix2,mice_br,XZ,-0.00584375528453635
norm_mix2,knn,X,0.3111783121330676
norm_mix2,knn,XZ,0.3154984326256095
norm_mix2,mice_rf,X,-0.3871635848687688
norm_mix2,mice_rf,XZ,-0.5413060173464878
norm_mix2,mice_br,X,-0.20377302650554652
norm_mix2,mice_br,XZ,-0.33552723831322717
norm_mix2,knn,X,0.1515111676608202
norm_mix2,knn,XZ,0.07730964628969961
norm_mix2,mice_rf,X,-0.19272588759401793
norm_mix2,mice_rf,XZ,-0.20230428898130495
norm_mix2,mice_br,X,-0.12473586803603694
norm_mix2,mice_br,XZ,-0.19986331559992407
norm_mix2,knn,X,0.15759642082107836
norm_mix2,knn,XZ,0.10012265280725895
norm_mix2,mice_rf,X,-0.35936788587260166
norm_mix2,mice_rf,XZ,-0.40952867505539087
norm_mix2,mice_br,X,-0.12804433127307338
norm_mix2,mice_br,XZ,-0.1513034558798461
norm_mix2,knn,X,0.24494592717215097
norm_mix2,knn,XZ,0.20076267875276127
norm_mix2,mice_rf,X,-0.21140455732440355
norm_mix2,mice_rf,XZ,-0.27771101155173555
norm_mix2,mice_br,X,-0.05958457114512493
norm_mix2,mice_br,XZ,-0.049056274168100794
norm_mix2,knn,X,0.25328183237859647
norm_mix2,knn,XZ,0.2982761393410199
norm_mix2,mice_rf,X,-0.3584977193157023
norm_mix2,mice_rf,XZ,-0.46365941834803426
norm_mix2,mice_br,X,-0.21447506793718993
norm_mix2,mice_br,XZ,-0.34152965802646007
norm_mix2,knn,X,0.07974209766814548
norm_mix2,knn,XZ,0.030057602972734635
norm_mix2,mice_rf,X,-0.3374555146052801
norm_mix2,mice_rf,XZ,-0.40823792692010724
norm_mix2,mice_br,X,-0.06955373628602131
norm_mix2,mice_br,XZ,-0.08256477337624346
norm_mix2,knn,X,0.21608962808643212
norm_mix2,knn,XZ,0.23693753699603992
norm_mix2,mice_rf,X,-0.321333787158195
norm_mix2,mice_rf,XZ,-0.37106391209688055
norm_mix2,mice_br,X,-0.0756689773568935
norm_mix2,mice_br,XZ,-0.0929206570157841
norm_mix2,knn,X,0.19016802937067365
norm_mix2,knn,XZ,0.17827830495668348
norm_mix2,mice_rf,X,0.0818003225808461
norm_mix2,mice_rf,XZ,0.19089861653385123
norm_mix2,mice_br,X,0.20155049966333657
norm_mix2,mice_br,XZ,0.32349068062218445
norm_mix2,knn,X,0.5886426333868758
norm_mix2,knn,XZ,0.7812606679676452
norm_mix2,mice_rf,X,-0.18490501985464466
norm_mix2,mice_rf,XZ,-0.16532948228869895
norm_mix2,mice_br,X,0.03223904967639784
norm_mix2,mice_br,XZ,0.10420908425750805
norm_mix2,knn,X,0.3486710911746434
norm_mix2,knn,XZ,0.4363463112676886
norm_mix2,mice_rf,X,-0.22584210580404254
norm_mix2,mice_rf,XZ,-0.3526739104923475
norm_mix2,mice_br,X,-0.07483611727911717
norm_mix2,mice_br,XZ,-0.11430508172764627
norm_mix2,knn,X,0.21257852259078272
norm_mix2,knn,XZ,0.14030202823888105
norm_mix2,mice_rf,X,-0.3676085473305975
norm_mix2,mice_rf,XZ,-0.44548632386032405
norm_mix2,mice_br,X,-0.1312611425238118
norm_mix2,mice_br,XZ,-0.1581712646858227
norm_mix2,knn,X,0.10898368824583618
norm_mix2,knn,XZ,0.017777510949564115
norm_mix2,mice_rf,X,-0.21730477547412283
norm_mix2,mice_rf,XZ,-0.2889308792313842
norm_mix2,mice_br,X,-0.016302455447431474
norm_mix2,mice_br,XZ,-0.047509141227220074
norm_mix2,knn,X,0.23397429225972277
norm_mix2,knn,XZ,0.16760662006474916
norm_mix2,mice_rf,X,-0.19480793181182451
norm_mix2,mice_rf,XZ,-0.3096774333911191
norm_mix2,mice_br,X,0.03990579993279979
norm_mix2,mice_br,XZ,0.022317483325698287
norm_mix2,knn,X,0.44614563199555124
norm_mix2,knn,XZ,0.5138391388159235
norm_mix2,mice_rf,X,-0.23013508928152276
norm_mix2,mice_rf,XZ,-0.391340196244213
norm_mix2,mice_br,X,0.0266978524371714
norm_mix2,mice_br,XZ,-0.034705510916785684
norm_mix2,knn,X,0.3191385754339244
norm_mix2,knn,XZ,0.22462529811107343
norm_mix2,mice_rf,X,-0.25697358032204376
norm_mix2,mice_rf,XZ,-0.2478855608760337
norm_mix2,mice_br,X,-0.05219905494955135
norm_mix2,mice_br,XZ,-0.016696781076325766
norm_mix2,knn,X,0.2466482602087323
norm_mix2,knn,XZ,0.2876943586790574
norm_mix2,mice_rf,X,-0.1902729823688948
norm_mix2,mice_rf,XZ,-0.29583941339744285
norm_mix2,mice_br,X,-0.018276987555471608
norm_mix2,mice_br,XZ,-0.08339648283621155
norm_mix2,knn,X,0.19627384352435254
norm_mix2,knn,XZ,0.10389918188236338
norm_mix2,mice_rf,X,-0.27630925713381455
norm_mix2,mice_rf,XZ,-0.4710137482357613
norm_mix2,mice_br,X,-0.15126562655474982
norm_mix2,mice_br,XZ,-0.2614076662882284
norm_mix2,knn,X,0.164057277971037
norm_mix2,knn,XZ,0.08536087769666108
norm_mix2,mice_rf,X,0.031428440592005544
norm_mix2,mice_rf,XZ,0.2160240862672914
norm_mix2,mice_br,X,0.029532628899748697
norm_mix2,mice_br,XZ,0.11047010794340667
norm_mix2,knn,X,0.5185732681833555
norm_mix2,knn,XZ,0.7913694760149
norm_mix2,mice_rf,X,-0.31576976392229184
norm_mix2,mice_rf,XZ,-0.37769851627557227
norm_mix2,mice_br,X,-0.1800871082941726
norm_mix2,mice_br,XZ,-0.24699672740377793
norm_mix2,knn,X,0.26026130804224223
norm_mix2,knn,XZ,0.21235906581584707
norm_mix2,mice_rf,X,-0.4478397572244417
norm_mix2,mice_rf,XZ,-0.5979535014818445
norm_mix2,mice_br,X,-0.0648373384736621
norm_mix2,mice_br,XZ,-0.11317264432510005
norm_mix2,knn,X,0.24180857120732208
norm_mix2,knn,XZ,0.16362468676961514
norm_mix2,mice_rf,X,-0.17331122548416647
norm_mix2,mice_rf,XZ,-0.190957677856703
norm_mix2,mice_br,X,-0.09597627635699958
norm_mix2,mice_br,XZ,-0.10702780593915161
norm_mix2,knn,X,0.14245145302839723
norm_mix2,knn,XZ,0.16251353840721663
norm_mix2,mice_rf,X,-0.08666682642506651
norm_mix2,mice_rf,XZ,-0.0558299760020488
norm_mix2,mice_br,X,0.043175706249918816
norm_mix2,mice_br,XZ,0.04815819199421822
norm_mix2,knn,X,0.40551619088598606
norm_mix2,knn,XZ,0.4533205953560063
norm_mix2,mice_rf,X,-0.264569306808998
norm_mix2,mice_rf,XZ,-0.35729739144769185
norm_mix2,mice_br,X,0.01773723701170466
norm_mix2,mice_br,XZ,0.01759792939950379
norm_mix2,knn,X,0.4142416083490024
norm_mix2,knn,XZ,0.4622299519325334
norm_mix2,mice_rf,X,-0.2487870834821539
norm_mix2,mice_rf,XZ,-0.3316501000491488
norm_mix2,mice_br,X,-0.09924887856134898
norm_mix2,mice_br,XZ,-0.20053185502443197
norm_mix2,knn,X,0.14402785644724775
norm_mix2,knn,XZ,-0.011942051823326274
norm_mix2,mice_rf,X,-0.39534885970565464
norm_mix2,mice_rf,XZ,-0.4709552695417686
norm_mix2,mice_br,X,-0.04707760025910629
norm_mix2,mice_br,XZ,0.01843887327177406
norm_mix2,knn,X,0.3078738870002213
norm_mix2,knn,XZ,0.39773092420900197
norm_mix2,mice_rf,X,-0.204101331307916
norm_mix2,mice_rf,XZ,-0.2578188749501811
norm_mix2,mice_br,X,-0.012333722534953882
norm_mix2,mice_br,XZ,-0.10831838800759085
norm_mix2,knn,X,0.4532328061499969
norm_mix2,knn,XZ,0.4455696867550984
norm_mix2,mice_rf,X,-0.2027594396714505
norm_mix2,mice_rf,XZ,-0.2558532291235551
norm_mix2,mice_br,X,-0.05339411011437733
norm_mix2,mice_br,XZ,-0.06038859588939694
norm_mix2,knn,X,0.17721247151508904
norm_mix2,knn,XZ,0.14467366822505096
norm_mix2,mice_rf,X,-0.12039918620117991
norm_mix2,mice_rf,XZ,-0.08569257301758167
norm_mix2,mice_br,X,0.04640977170366309
norm_mix2,mice_br,XZ,0.12641963532612316
norm_mix2,knn,X,0.32126631553561263
norm_mix2,knn,XZ,0.4636531745776894
norm_mix2,mice_rf,X,-0.36512225815527233
norm_mix2,mice_rf,XZ,-0.534443127050233
norm_mix2,mice_br,X,-0.16101643585226938
norm_mix2,mice_br,XZ,-0.22522192446677955
norm_mix2,knn,X,0.18499204646791148
norm_mix2,knn,XZ,0.16722815660384635
norm_mix2,mice_rf,X,-0.3439825892850147
norm_mix2,mice_rf,XZ,-0.3396771783098905
norm_mix2,mice_br,X,-0.03600410005321938
norm_mix2,mice_br,XZ,0.031011812303311834
norm_mix2,knn,X,0.29500757400895683
norm_mix2,knn,XZ,0.3600360852212694
norm_mix2,mice_rf,X,-0.431969666416578
norm_mix2,mice_rf,XZ,-0.4999792936630731
norm_mix2,mice_br,X,-0.09306790088469279
norm_mix2,mice_br,XZ,-0.07496457690355393
norm_mix2,knn,X,0.1574225341645389
norm_mix2,knn,XZ,0.13956252231462982
norm_mix2,mice_rf,X,-0.20545942438455053
norm_mix2,mice_rf,XZ,-0.1919435891747773
norm_mix2,mice_br,X,-0.04936661517489534
norm_mix2,mice_br,XZ,-0.020763947481201108
norm_mix2,knn,X,0.2672956603165182
norm_mix2,knn,XZ,0.3259108317406943
norm_mix2,mice_rf,X,-0.11326083728249252
norm_mix2,mice_rf,XZ,-0.10874110017749299
norm_mix2,mice_br,X,-0.018388734774799784
norm_mix2,mice_br,XZ,0.014945092606317835
norm_mix2,knn,X,0.3340950246515354
norm_mix2,knn,XZ,0.45054878667113696
norm_mix2,mice_rf,X,-0.28921333101989494
norm_mix2,mice_rf,XZ,-0.27253453142425266
norm_mix2,mice_br,X,-0.08314984233160215
norm_mix2,mice_br,XZ,-0.019783453667946437
norm_mix2,knn,X,0.2108379038554963
norm_mix2,knn,XZ,0.342931126460187
norm_mix2,mice_rf,X,-0.256377599951213
norm_mix2,mice_rf,XZ,-0.34904553329743915
norm_mix2,mice_br,X,-0.06708532480473263
norm_mix2,mice_br,XZ,-0.08277292413474065
norm_mix2,knn,X,0.2968480237727154
norm_mix2,knn,XZ,0.3373847741225935
norm_mix2,mice_rf,X,-0.32917363821360773
norm_mix2,mice_rf,XZ,-0.4337935130714955
norm_mix2,mice_br,X,0.009979441616175267
norm_mix2,mice_br,XZ,0.06652311801719718
norm_mix2,knn,X,0.355163727598911
norm_mix2,knn,XZ,0.40711634350176473
norm_mix2,mice_rf,X,-0.2884454356172271
norm_mix2,mice_rf,XZ,-0.36282164458200483
norm_mix2,mice_br,X,0.05629450291051575
norm_mix2,mice_br,XZ,0.10239561437146545
norm_mix2,knn,X,0.4022993088402351
norm_mix2,knn,XZ,0.43097667146598523
norm_mix2,mice_rf,X,-0.09538418324113489
norm_mix2,mice_rf,XZ,-0.018304736944228777
norm_mix2,mice_br,X,0.0008999575327596524
norm_mix2,mice_br,XZ,0.05258849118965021
norm_mix2,knn,X,0.2824289070779071
norm_mix2,knn,XZ,0.34821831849224927
norm_mix2,mice_rf,X,-0.017086652059481088
norm_mix2,mice_rf,XZ,-0.04594494819553999
norm_mix2,mice_br,X,0.07819939626978811
norm_mix2,mice_br,XZ,0.07325783955760737
norm_mix2,knn,X,0.43479696018637354
norm_mix2,knn,XZ,0.3774919738285192
norm_mix2,mice_rf,X,-0.19413386327368923
norm_mix2,mice_rf,XZ,-0.19140592464083217
norm_mix2,mice_br,X,0.013014648526270758
norm_mix2,mice_br,XZ,0.0648123110881348
norm_mix2,knn,X,0.2825510664382298
norm_mix2,knn,XZ,0.3326428908372103
norm_mix2,mice_rf,X,-0.13457412791541795
norm_mix2,mice_rf,XZ,-0.13375587850217124
norm_mix2,mice_br,X,-0.0831249777582853
norm_mix2,mice_br,XZ,-0.12785518112823605
norm_mix2,knn,X,0.20720528002531488
norm_mix2,knn,XZ,0.16407348910286984
